DateHeader,Hub,SettlementPrice
2026-10-02,ANR-SE,2.79
2026-10-03,ANR-SE,2.73
2026-10-04,ANR-SE,2.73
2026-10-05,ANR-SE,2.73
2026-10-06,ANR-SE,2.8804
2026-10-07,ANR-SE,2.7845
2026-10-08,ANR-SE,2.7845
2026-10-09,ANR-SE,2.7845
2026-10-10,ANR-SE,2.7845
2026-10-11,ANR-SE,2.7845
2026-10-12,ANR-SE,2.7845
2026-10-13,ANR-SE,2.7845
2026-10-14,ANR-SE,2.7845
2026-10-15,ANR-SE,2.7845
2026-10-16,ANR-SE,2.7845
2026-10-17,ANR-SE,2.7845
2026-10-18,ANR-SE,2.7845
2026-10-19,ANR-SE,2.7845
2026-10-20,ANR-SE,2.7845
2026-10-21,ANR-SE,2.7845
2026-10-22,ANR-SE,2.7845
2026-10-23,ANR-SE,2.7845
2026-10-24,ANR-SE,2.7845
2026-10-25,ANR-SE,2.7845
2026-10-26,ANR-SE,2.7845
2026-10-27,ANR-SE,2.7845
2026-10-28,ANR-SE,2.7845
2026-10-29,ANR-SE,2.7845
2026-10-30,ANR-SE,2.7845
2026-10-31,ANR-SE,2.7845
2026-11-01,ANR-SE,3.026
2026-11-02,ANR-SE,3.026
2026-11-03,ANR-SE,3.026
2026-11-04,ANR-SE,3.026
2026-11-05,ANR-SE,3.026
2026-11-06,ANR-SE,3.026
2026-11-07,ANR-SE,3.026
2026-11-08,ANR-SE,3.026
2026-11-09,ANR-SE,3.026
2026-11-10,ANR-SE,3.026
2026-11-11,ANR-SE,3.026
2026-11-12,ANR-SE,3.026
2026-11-13,ANR-SE,3.026
2026-11-14,ANR-SE,3.026
2026-11-15,ANR-SE,3.026
2026-11-16,ANR-SE,3.026
2026-11-17,ANR-SE,3.026
2026-11-18,ANR-SE,3.026
2026-11-19,ANR-SE,3.026
2026-11-20,ANR-SE,3.026
2026-11-21,ANR-SE,3.026
2026-11-22,ANR-SE,3.026
2026-11-23,ANR-SE,3.026
2026-11-24,ANR-SE,3.026
2026-11-25,ANR-SE,3.026
2026-11-26,ANR-SE,3.026
2026-11-27,ANR-SE,3.026
2026-11-28,ANR-SE,3.026
2026-11-29,ANR-SE,3.026
2026-11-30,ANR-SE,3.026
2026-10-02,ANR-SW,2.445
2026-10-03,ANR-SW,2.365
2026-10-04,ANR-SW,2.365
2026-10-05,ANR-SW,2.365
2026-10-06,ANR-SW,2.395
2026-10-07,ANR-SW,2.363
2026-10-08,ANR-SW,2.363
2026-10-09,ANR-SW,2.363
2026-10-10,ANR-SW,2.363
2026-10-11,ANR-SW,2.363
2026-10-12,ANR-SW,2.363
2026-10-13,ANR-SW,2.363
2026-10-14,ANR-SW,2.363
2026-10-15,ANR-SW,2.363
2026-10-16,ANR-SW,2.363
2026-10-17,ANR-SW,2.363
2026-10-18,ANR-SW,2.363
2026-10-19,ANR-SW,2.363
2026-10-20,ANR-SW,2.363
2026-10-21,ANR-SW,2.363
2026-10-22,ANR-SW,2.363
2026-10-23,ANR-SW,2.363
2026-10-24,ANR-SW,2.363
2026-10-25,ANR-SW,2.363
2026-10-26,ANR-SW,2.363
2026-10-27,ANR-SW,2.363
2026-10-28,ANR-SW,2.363
2026-10-29,ANR-SW,2.363
2026-10-30,ANR-SW,2.363
2026-10-31,ANR-SW,2.363
2026-11-01,ANR-SW,2.625
2026-11-02,ANR-SW,2.625
2026-11-03,ANR-SW,2.625
2026-11-04,ANR-SW,2.625
2026-11-05,ANR-SW,2.625
2026-11-06,ANR-SW,2.625
2026-11-07,ANR-SW,2.625
2026-11-08,ANR-SW,2.625
2026-11-09,ANR-SW,2.625
2026-11-10,ANR-SW,2.625
2026-11-11,ANR-SW,2.625
2026-11-12,ANR-SW,2.625
2026-11-13,ANR-SW,2.625
2026-11-14,ANR-SW,2.625
2026-11-15,ANR-SW,2.625
2026-11-16,ANR-SW,2.625
2026-11-17,ANR-SW,2.625
2026-11-18,ANR-SW,2.625
2026-11-19,ANR-SW,2.625
2026-11-20,ANR-SW,2.625
2026-11-21,ANR-SW,2.625
2026-11-22,ANR-SW,2.625
2026-11-23,ANR-SW,2.625
2026-11-24,ANR-SW,2.625
2026-11-25,ANR-SW,2.625
2026-11-26,ANR-SW,2.625
2026-11-27,ANR-SW,2.625
2026-11-28,ANR-SW,2.625
2026-11-29,ANR-SW,2.625
2026-11-30,ANR-SW,2.625
2026-10-02,Algonquin,1.365
2026-10-03,Algonquin,1.025
2026-10-04,Algonquin,1.025
2026-10-05,Algonquin,1.025
2026-10-06,Algonquin,1.16
2026-10-07,Algonquin,1.731
2026-10-08,Algonquin,1.731
2026-10-09,Algonquin,1.731
2026-10-10,Algonquin,1.731
2026-10-11,Algonquin,1.731
2026-10-12,Algonquin,1.731
2026-10-13,Algonquin,1.731
2026-10-14,Algonquin,1.731
2026-10-15,Algonquin,1.731
2026-10-16,Algonquin,1.731
2026-10-17,Algonquin,1.731
2026-10-18,Algonquin,1.731
2026-10-19,Algonquin,1.731
2026-10-20,Algonquin,1.731
2026-10-21,Algonquin,1.731
2026-10-22,Algonquin,1.731
2026-10-23,Algonquin,1.731
2026-10-24,Algonquin,1.731
2026-10-25,Algonquin,1.731
2026-10-26,Algonquin,1.731
2026-10-27,Algonquin,1.731
2026-10-28,Algonquin,1.731
2026-10-29,Algonquin,1.731
2026-10-30,Algonquin,1.731
2026-10-31,Algonquin,1.731
2026-11-01,Algonquin,3.468
2026-11-02,Algonquin,3.468
2026-11-03,Algonquin,3.468
2026-11-04,Algonquin,3.468
2026-11-05,Algonquin,3.468
2026-11-06,Algonquin,3.468
2026-11-07,Algonquin,3.468
2026-11-08,Algonquin,3.468
2026-11-09,Algonquin,3.468
2026-11-10,Algonquin,3.468
2026-11-11,Algonquin,3.468
2026-11-12,Algonquin,3.468
2026-11-13,Algonquin,3.468
2026-11-14,Algonquin,3.468
2026-11-15,Algonquin,3.468
2026-11-16,Algonquin,3.468
2026-11-17,Algonquin,3.468
2026-11-18,Algonquin,3.468
2026-11-19,Algonquin,3.468
2026-11-20,Algonquin,3.468
2026-11-21,Algonquin,3.468
2026-11-22,Algonquin,3.468
2026-11-23,Algonquin,3.468
2026-11-24,Algonquin,3.468
2026-11-25,Algonquin,3.468
2026-11-26,Algonquin,3.468
2026-11-27,Algonquin,3.468
2026-11-28,Algonquin,3.468
2026-11-29,Algonquin,3.468
2026-11-30,Algonquin,3.468
2026-10-02,CG-Mainline,2.64
2026-10-03,CG-Mainline,2.555
2026-10-04,CG-Mainline,2.555
2026-10-05,CG-Mainline,2.555
2026-10-06,CG-Mainline,2.7151
2026-10-07,CG-Mainline,2.5785
2026-10-08,CG-Mainline,2.5785
2026-10-09,CG-Mainline,2.5785
2026-10-10,CG-Mainline,2.5785
2026-10-11,CG-Mainline,2.5785
2026-10-12,CG-Mainline,2.5785
2026-10-13,CG-Mainline,2.5785
2026-10-14,CG-Mainline,2.5785
2026-10-15,CG-Mainline,2.5785
2026-10-16,CG-Mainline,2.5785
2026-10-17,CG-Mainline,2.5785
2026-10-18,CG-Mainline,2.5785
2026-10-19,CG-Mainline,2.5785
2026-10-20,CG-Mainline,2.5785
2026-10-21,CG-Mainline,2.5785
2026-10-22,CG-Mainline,2.5785
2026-10-23,CG-Mainline,2.5785
2026-10-24,CG-Mainline,2.5785
2026-10-25,CG-Mainline,2.5785
2026-10-26,CG-Mainline,2.5785
2026-10-27,CG-Mainline,2.5785
2026-10-28,CG-Mainline,2.5785
2026-10-29,CG-Mainline,2.5785
2026-10-30,CG-Mainline,2.5785
2026-10-31,CG-Mainline,2.5785
2026-11-01,CG-Mainline,2.7935
2026-11-02,CG-Mainline,2.7935
2026-11-03,CG-Mainline,2.7935
2026-11-04,CG-Mainline,2.7935
2026-11-05,CG-Mainline,2.7935
2026-11-06,CG-Mainline,2.7935
2026-11-07,CG-Mainline,2.7935
2026-11-08,CG-Mainline,2.7935
2026-11-09,CG-Mainline,2.7935
2026-11-10,CG-Mainline,2.7935
2026-11-11,CG-Mainline,2.7935
2026-11-12,CG-Mainline,2.7935
2026-11-13,CG-Mainline,2.7935
2026-11-14,CG-Mainline,2.7935
2026-11-15,CG-Mainline,2.7935
2026-11-16,CG-Mainline,2.7935
2026-11-17,CG-Mainline,2.7935
2026-11-18,CG-Mainline,2.7935
2026-11-19,CG-Mainline,2.7935
2026-11-20,CG-Mainline,2.7935
2026-11-21,CG-Mainline,2.7935
2026-11-22,CG-Mainline,2.7935
2026-11-23,CG-Mainline,2.7935
2026-11-24,CG-Mainline,2.7935
2026-11-25,CG-Mainline,2.7935
2026-11-26,CG-Mainline,2.7935
2026-11-27,CG-Mainline,2.7935
2026-11-28,CG-Mainline,2.7935
2026-11-29,CG-Mainline,2.7935
2026-11-30,CG-Mainline,2.7935
2026-10-02,CG-Onshore,2.75
2026-10-03,CG-Onshore,2.71
2026-10-04,CG-Onshore,2.71
2026-10-05,CG-Onshore,2.71
2026-10-06,CG-Onshore,2.8502
2026-10-07,CG-Onshore,2.7945
2026-10-08,CG-Onshore,2.7945
2026-10-09,CG-Onshore,2.7945
2026-10-10,CG-Onshore,2.7945
2026-10-11,CG-Onshore,2.7945
2026-10-12,CG-Onshore,2.7945
2026-10-13,CG-Onshore,2.7945
2026-10-14,CG-Onshore,2.7945
2026-10-15,CG-Onshore,2.7945
2026-10-16,CG-Onshore,2.7945
2026-10-17,CG-Onshore,2.7945
2026-10-18,CG-Onshore,2.7945
2026-10-19,CG-Onshore,2.7945
2026-10-20,CG-Onshore,2.7945
2026-10-21,CG-Onshore,2.7945
2026-10-22,CG-Onshore,2.7945
2026-10-23,CG-Onshore,2.7945
2026-10-24,CG-Onshore,2.7945
2026-10-25,CG-Onshore,2.7945
2026-10-26,CG-Onshore,2.7945
2026-10-27,CG-Onshore,2.7945
2026-10-28,CG-Onshore,2.7945
2026-10-29,CG-Onshore,2.7945
2026-10-30,CG-Onshore,2.7945
2026-10-31,CG-Onshore,2.7945
2026-11-01,CG-Onshore,3.0225
2026-11-02,CG-Onshore,3.0225
2026-11-03,CG-Onshore,3.0225
2026-11-04,CG-Onshore,3.0225
2026-11-05,CG-Onshore,3.0225
2026-11-06,CG-Onshore,3.0225
2026-11-07,CG-Onshore,3.0225
2026-11-08,CG-Onshore,3.0225
2026-11-09,CG-Onshore,3.0225
2026-11-10,CG-Onshore,3.0225
2026-11-11,CG-Onshore,3.0225
2026-11-12,CG-Onshore,3.0225
2026-11-13,CG-Onshore,3.0225
2026-11-14,CG-Onshore,3.0225
2026-11-15,CG-Onshore,3.0225
2026-11-16,CG-Onshore,3.0225
2026-11-17,CG-Onshore,3.0225
2026-11-18,CG-Onshore,3.0225
2026-11-19,CG-Onshore,3.0225
2026-11-20,CG-Onshore,3.0225
2026-11-21,CG-Onshore,3.0225
2026-11-22,CG-Onshore,3.0225
2026-11-23,CG-Onshore,3.0225
2026-11-24,CG-Onshore,3.0225
2026-11-25,CG-Onshore,3.0225
2026-11-26,CG-Onshore,3.0225
2026-11-27,CG-Onshore,3.0225
2026-11-28,CG-Onshore,3.0225
2026-11-29,CG-Onshore,3.0225
2026-11-30,CG-Onshore,3.0225
2026-10-02,CIG,2.495
2026-10-03,CIG,2.365
2026-10-04,CIG,2.365
2026-10-05,CIG,2.365
2026-10-06,CIG,2.365
2026-10-07,CIG,2.353
2026-10-08,CIG,2.353
2026-10-09,CIG,2.353
2026-10-10,CIG,2.353
2026-10-11,CIG,2.353
2026-10-12,CIG,2.353
2026-10-13,CIG,2.353
2026-10-14,CIG,2.353
2026-10-15,CIG,2.353
2026-10-16,CIG,2.353
2026-10-17,CIG,2.353
2026-10-18,CIG,2.353
2026-10-19,CIG,2.353
2026-10-20,CIG,2.353
2026-10-21,CIG,2.353
2026-10-22,CIG,2.353
2026-10-23,CIG,2.353
2026-10-24,CIG,2.353
2026-10-25,CIG,2.353
2026-10-26,CIG,2.353
2026-10-27,CIG,2.353
2026-10-28,CIG,2.353
2026-10-29,CIG,2.353
2026-10-30,CIG,2.353
2026-10-31,CIG,2.353
2026-11-01,CIG,2.4735
2026-11-02,CIG,2.4735
2026-11-03,CIG,2.4735
2026-11-04,CIG,2.4735
2026-11-05,CIG,2.4735
2026-11-06,CIG,2.4735
2026-11-07,CIG,2.4735
2026-11-08,CIG,2.4735
2026-11-09,CIG,2.4735
2026-11-10,CIG,2.4735
2026-11-11,CIG,2.4735
2026-11-12,CIG,2.4735
2026-11-13,CIG,2.4735
2026-11-14,CIG,2.4735
2026-11-15,CIG,2.4735
2026-11-16,CIG,2.4735
2026-11-17,CIG,2.4735
2026-11-18,CIG,2.4735
2026-11-19,CIG,2.4735
2026-11-20,CIG,2.4735
2026-11-21,CIG,2.4735
2026-11-22,CIG,2.4735
2026-11-23,CIG,2.4735
2026-11-24,CIG,2.4735
2026-11-25,CIG,2.4735
2026-11-26,CIG,2.4735
2026-11-27,CIG,2.4735
2026-11-28,CIG,2.4735
2026-11-29,CIG,2.4735
2026-11-30,CIG,2.4735
2026-10-02,Cheyenne Hub,2.445
2026-10-03,Cheyenne Hub,2.36
2026-10-04,Cheyenne Hub,2.36
2026-10-05,Cheyenne Hub,2.36
2026-10-06,Cheyenne Hub,2.3744
2026-10-07,Cheyenne Hub,2.353
2026-10-08,Cheyenne Hub,2.353
2026-10-09,Cheyenne Hub,2.353
2026-10-10,Cheyenne Hub,2.353
2026-10-11,Cheyenne Hub,2.353
2026-10-12,Cheyenne Hub,2.353
2026-10-13,Cheyenne Hub,2.353
2026-10-14,Cheyenne Hub,2.353
2026-10-15,Cheyenne Hub,2.353
2026-10-16,Cheyenne Hub,2.353
2026-10-17,Cheyenne Hub,2.353
2026-10-18,Cheyenne Hub,2.353
2026-10-19,Cheyenne Hub,2.353
2026-10-20,Cheyenne Hub,2.353
2026-10-21,Cheyenne Hub,2.353
2026-10-22,Cheyenne Hub,2.353
2026-10-23,Cheyenne Hub,2.353
2026-10-24,Cheyenne Hub,2.353
2026-10-25,Cheyenne Hub,2.353
2026-10-26,Cheyenne Hub,2.353
2026-10-27,Cheyenne Hub,2.353
2026-10-28,Cheyenne Hub,2.353
2026-10-29,Cheyenne Hub,2.353
2026-10-30,Cheyenne Hub,2.353
2026-10-31,Cheyenne Hub,2.353
2026-11-01,Cheyenne Hub,2.4735
2026-11-02,Cheyenne Hub,2.4735
2026-11-03,Cheyenne Hub,2.4735
2026-11-04,Cheyenne Hub,2.4735
2026-11-05,Cheyenne Hub,2.4735
2026-11-06,Cheyenne Hub,2.4735
2026-11-07,Cheyenne Hub,2.4735
2026-11-08,Cheyenne Hub,2.4735
2026-11-09,Cheyenne Hub,2.4735
2026-11-10,Cheyenne Hub,2.4735
2026-11-11,Cheyenne Hub,2.4735
2026-11-12,Cheyenne Hub,2.4735
2026-11-13,Cheyenne Hub,2.4735
2026-11-14,Cheyenne Hub,2.4735
2026-11-15,Cheyenne Hub,2.4735
2026-11-16,Cheyenne Hub,2.4735
2026-11-17,Cheyenne Hub,2.4735
2026-11-18,Cheyenne Hub,2.4735
2026-11-19,Cheyenne Hub,2.4735
2026-11-20,Cheyenne Hub,2.4735
2026-11-21,Cheyenne Hub,2.4735
2026-11-22,Cheyenne Hub,2.4735
2026-11-23,Cheyenne Hub,2.4735
2026-11-24,Cheyenne Hub,2.4735
2026-11-25,Cheyenne Hub,2.4735
2026-11-26,Cheyenne Hub,2.4735
2026-11-27,Cheyenne Hub,2.4735
2026-11-28,Cheyenne Hub,2.4735
2026-11-29,Cheyenne Hub,2.4735
2026-11-30,Cheyenne Hub,2.4735
2026-10-02,Chicago,2.655
2026-10-03,Chicago,2.57
2026-10-04,Chicago,2.57
2026-10-05,Chicago,2.57
2026-10-06,Chicago,2.6026
2026-10-07,Chicago,2.561
2026-10-08,Chicago,2.561
2026-10-09,Chicago,2.561
2026-10-10,Chicago,2.561
2026-10-11,Chicago,2.561
2026-10-12,Chicago,2.561
2026-10-13,Chicago,2.561
2026-10-14,Chicago,2.561
2026-10-15,Chicago,2.561
2026-10-16,Chicago,2.561
2026-10-17,Chicago,2.561
2026-10-18,Chicago,2.561
2026-10-19,Chicago,2.561
2026-10-20,Chicago,2.561
2026-10-21,Chicago,2.561
2026-10-22,Chicago,2.561
2026-10-23,Chicago,2.561
2026-10-24,Chicago,2.561
2026-10-25,Chicago,2.561
2026-10-26,Chicago,2.561
2026-10-27,Chicago,2.561
2026-10-28,Chicago,2.561
2026-10-29,Chicago,2.561
2026-10-30,Chicago,2.561
2026-10-31,Chicago,2.561
2026-11-01,Chicago,2.7235
2026-11-02,Chicago,2.7235
2026-11-03,Chicago,2.7235
2026-11-04,Chicago,2.7235
2026-11-05,Chicago,2.7235
2026-11-06,Chicago,2.7235
2026-11-07,Chicago,2.7235
2026-11-08,Chicago,2.7235
2026-11-09,Chicago,2.7235
2026-11-10,Chicago,2.7235
2026-11-11,Chicago,2.7235
2026-11-12,Chicago,2.7235
2026-11-13,Chicago,2.7235
2026-11-14,Chicago,2.7235
2026-11-15,Chicago,2.7235
2026-11-16,Chicago,2.7235
2026-11-17,Chicago,2.7235
2026-11-18,Chicago,2.7235
2026-11-19,Chicago,2.7235
2026-11-20,Chicago,2.7235
2026-11-21,Chicago,2.7235
2026-11-22,Chicago,2.7235
2026-11-23,Chicago,2.7235
2026-11-24,Chicago,2.7235
2026-11-25,Chicago,2.7235
2026-11-26,Chicago,2.7235
2026-11-27,Chicago,2.7235
2026-11-28,Chicago,2.7235
2026-11-29,Chicago,2.7235
2026-11-30,Chicago,2.7235
2026-10-02,Consumers,2.67
2026-10-03,Consumers,2.5
2026-10-04,Consumers,2.5
2026-10-05,Consumers,2.5
2026-10-06,Consumers,2.6437
2026-10-07,Consumers,2.511
2026-10-08,Consumers,2.511
2026-10-09,Consumers,2.511
2026-10-10,Consumers,2.511
2026-10-11,Consumers,2.511
2026-10-12,Consumers,2.511
2026-10-13,Consumers,2.511
2026-10-14,Consumers,2.511
2026-10-15,Consumers,2.511
2026-10-16,Consumers,2.511
2026-10-17,Consumers,2.511
2026-10-18,Consumers,2.511
2026-10-19,Consumers,2.511
2026-10-20,Consumers,2.511
2026-10-21,Consumers,2.511
2026-10-22,Consumers,2.511
2026-10-23,Consumers,2.511
2026-10-24,Consumers,2.511
2026-10-25,Consumers,2.511
2026-10-26,Consumers,2.511
2026-10-27,Consumers,2.511
2026-10-28,Consumers,2.511
2026-10-29,Consumers,2.511
2026-10-30,Consumers,2.511
2026-10-31,Consumers,2.511
2026-11-01,Consumers,2.7235
2026-11-02,Consumers,2.7235
2026-11-03,Consumers,2.7235
2026-11-04,Consumers,2.7235
2026-11-05,Consumers,2.7235
2026-11-06,Consumers,2.7235
2026-11-07,Consumers,2.7235
2026-11-08,Consumers,2.7235
2026-11-09,Consumers,2.7235
2026-11-10,Consumers,2.7235
2026-11-11,Consumers,2.7235
2026-11-12,Consumers,2.7235
2026-11-13,Consumers,2.7235
2026-11-14,Consumers,2.7235
2026-11-15,Consumers,2.7235
2026-11-16,Consumers,2.7235
2026-11-17,Consumers,2.7235
2026-11-18,Consumers,2.7235
2026-11-19,Consumers,2.7235
2026-11-20,Consumers,2.7235
2026-11-21,Consumers,2.7235
2026-11-22,Consumers,2.7235
2026-11-23,Consumers,2.7235
2026-11-24,Consumers,2.7235
2026-11-25,Consumers,2.7235
2026-11-26,Consumers,2.7235
2026-11-27,Consumers,2.7235
2026-11-28,Consumers,2.7235
2026-11-29,Consumers,2.7235
2026-11-30,Consumers,2.7235
2026-10-02,EP West Texas,1.635
2026-10-03,EP West Texas,1.53
2026-10-04,EP West Texas,1.53
2026-10-05,EP West Texas,1.53
2026-10-06,EP West Texas,1.4965
2026-10-07,EP West Texas,1.649
2026-10-08,EP West Texas,1.649
2026-10-09,EP West Texas,1.649
2026-10-10,EP West Texas,1.649
2026-10-11,EP West Texas,1.649
2026-10-12,EP West Texas,1.649
2026-10-13,EP West Texas,1.649
2026-10-14,EP West Texas,1.649
2026-10-15,EP West Texas,1.649
2026-10-16,EP West Texas,1.649
2026-10-17,EP West Texas,1.649
2026-10-18,EP West Texas,1.649
2026-10-19,EP West Texas,1.649
2026-10-20,EP West Texas,1.649
2026-10-21,EP West Texas,1.649
2026-10-22,EP West Texas,1.649
2026-10-23,EP West Texas,1.649
2026-10-24,EP West Texas,1.649
2026-10-25,EP West Texas,1.649
2026-10-26,EP West Texas,1.649
2026-10-27,EP West Texas,1.649
2026-10-28,EP West Texas,1.649
2026-10-29,EP West Texas,1.649
2026-10-30,EP West Texas,1.649
2026-10-31,EP West Texas,1.649
2026-11-01,EP West Texas,1.635
2026-11-02,EP West Texas,1.635
2026-11-03,EP West Texas,1.635
2026-11-04,EP West Texas,1.635
2026-11-05,EP West Texas,1.635
2026-11-06,EP West Texas,1.635
2026-11-07,EP West Texas,1.635
2026-11-08,EP West Texas,1.635
2026-11-09,EP West Texas,1.635
2026-11-10,EP West Texas,1.635
2026-11-11,EP West Texas,1.635
2026-11-12,EP West Texas,1.635
2026-11-13,EP West Texas,1.635
2026-11-14,EP West Texas,1.635
2026-11-15,EP West Texas,1.635
2026-11-16,EP West Texas,1.635
2026-11-17,EP West Texas,1.635
2026-11-18,EP West Texas,1.635
2026-11-19,EP West Texas,1.635
2026-11-20,EP West Texas,1.635
2026-11-21,EP West Texas,1.635
2026-11-22,EP West Texas,1.635
2026-11-23,EP West Texas,1.635
2026-11-24,EP West Texas,1.635
2026-11-25,EP West Texas,1.635
2026-11-26,EP West Texas,1.635
2026-11-27,EP West Texas,1.635
2026-11-28,EP West Texas,1.635
2026-11-29,EP West Texas,1.635
2026-11-30,EP West Texas,1.635
2026-10-02,Eastern Gas-South,1.14
2026-10-03,Eastern Gas-South,0.895
2026-10-04,Eastern Gas-South,0.895
2026-10-05,Eastern Gas-South,0.895
2026-10-06,Eastern Gas-South,1.0056
2026-10-07,Eastern Gas-South,1.381
2026-10-08,Eastern Gas-South,1.381
2026-10-09,Eastern Gas-South,1.381
2026-10-10,Eastern Gas-South,1.381
2026-10-11,Eastern Gas-South,1.381
2026-10-12,Eastern Gas-South,1.381
2026-10-13,Eastern Gas-South,1.381
2026-10-14,Eastern Gas-South,1.381
2026-10-15,Eastern Gas-South,1.381
2026-10-16,Eastern Gas-South,1.381
2026-10-17,Eastern Gas-South,1.381
2026-10-18,Eastern Gas-South,1.381
2026-10-19,Eastern Gas-South,1.381
2026-10-20,Eastern Gas-South,1.381
2026-10-21,Eastern Gas-South,1.381
2026-10-22,Eastern Gas-South,1.381
2026-10-23,Eastern Gas-South,1.381
2026-10-24,Eastern Gas-South,1.381
2026-10-25,Eastern Gas-South,1.381
2026-10-26,Eastern Gas-South,1.381
2026-10-27,Eastern Gas-South,1.381
2026-10-28,Eastern Gas-South,1.381
2026-10-29,Eastern Gas-South,1.381
2026-10-30,Eastern Gas-South,1.381
2026-10-31,Eastern Gas-South,1.381
2026-11-01,Eastern Gas-South,2.116
2026-11-02,Eastern Gas-South,2.116
2026-11-03,Eastern Gas-South,2.116
2026-11-04,Eastern Gas-South,2.116
2026-11-05,Eastern Gas-South,2.116
2026-11-06,Eastern Gas-South,2.116
2026-11-07,Eastern Gas-South,2.116
2026-11-08,Eastern Gas-South,2.116
2026-11-09,Eastern Gas-South,2.116
2026-11-10,Eastern Gas-South,2.116
2026-11-11,Eastern Gas-South,2.116
2026-11-12,Eastern Gas-South,2.116
2026-11-13,Eastern Gas-South,2.116
2026-11-14,Eastern Gas-South,2.116
2026-11-15,Eastern Gas-South,2.116
2026-11-16,Eastern Gas-South,2.116
2026-11-17,Eastern Gas-South,2.116
2026-11-18,Eastern Gas-South,2.116
2026-11-19,Eastern Gas-South,2.116
2026-11-20,Eastern Gas-South,2.116
2026-11-21,Eastern Gas-South,2.116
2026-11-22,Eastern Gas-South,2.116
2026-11-23,Eastern Gas-South,2.116
2026-11-24,Eastern Gas-South,2.116
2026-11-25,Eastern Gas-South,2.116
2026-11-26,Eastern Gas-South,2.116
2026-11-27,Eastern Gas-South,2.116
2026-11-28,Eastern Gas-South,2.116
2026-11-29,Eastern Gas-South,2.116
2026-11-30,Eastern Gas-South,2.116
2026-10-02,Enable Gas,2.63
2026-10-03,Enable Gas,2.48
2026-10-04,Enable Gas,2.48
2026-10-05,Enable Gas,2.48
2026-10-06,Enable Gas,2.72
2026-10-07,Enable Gas,2.5365
2026-10-08,Enable Gas,2.5365
2026-10-09,Enable Gas,2.5365
2026-10-10,Enable Gas,2.5365
2026-10-11,Enable Gas,2.5365
2026-10-12,Enable Gas,2.5365
2026-10-13,Enable Gas,2.5365
2026-10-14,Enable Gas,2.5365
2026-10-15,Enable Gas,2.5365
2026-10-16,Enable Gas,2.5365
2026-10-17,Enable Gas,2.5365
2026-10-18,Enable Gas,2.5365
2026-10-19,Enable Gas,2.5365
2026-10-20,Enable Gas,2.5365
2026-10-21,Enable Gas,2.5365
2026-10-22,Enable Gas,2.5365
2026-10-23,Enable Gas,2.5365
2026-10-24,Enable Gas,2.5365
2026-10-25,Enable Gas,2.5365
2026-10-26,Enable Gas,2.5365
2026-10-27,Enable Gas,2.5365
2026-10-28,Enable Gas,2.5365
2026-10-29,Enable Gas,2.5365
2026-10-30,Enable Gas,2.5365
2026-10-31,Enable Gas,2.5365
2026-11-01,Enable Gas,2.69
2026-11-02,Enable Gas,2.69
2026-11-03,Enable Gas,2.69
2026-11-04,Enable Gas,2.69
2026-11-05,Enable Gas,2.69
2026-11-06,Enable Gas,2.69
2026-11-07,Enable Gas,2.69
2026-11-08,Enable Gas,2.69
2026-11-09,Enable Gas,2.69
2026-11-10,Enable Gas,2.69
2026-11-11,Enable Gas,2.69
2026-11-12,Enable Gas,2.69
2026-11-13,Enable Gas,2.69
2026-11-14,Enable Gas,2.69
2026-11-15,Enable Gas,2.69
2026-11-16,Enable Gas,2.69
2026-11-17,Enable Gas,2.69
2026-11-18,Enable Gas,2.69
2026-11-19,Enable Gas,2.69
2026-11-20,Enable Gas,2.69
2026-11-21,Enable Gas,2.69
2026-11-22,Enable Gas,2.69
2026-11-23,Enable Gas,2.69
2026-11-24,Enable Gas,2.69
2026-11-25,Enable Gas,2.69
2026-11-26,Enable Gas,2.69
2026-11-27,Enable Gas,2.69
2026-11-28,Enable Gas,2.69
2026-11-29,Enable Gas,2.69
2026-11-30,Enable Gas,2.69
2026-10-02,Enbridge-Dawn,2.64
2026-10-03,Enbridge-Dawn,2.475
2026-10-04,Enbridge-Dawn,2.475
2026-10-05,Enbridge-Dawn,2.475
2026-10-06,Enbridge-Dawn,2.56
2026-10-07,Enbridge-Dawn,2.49
2026-10-08,Enbridge-Dawn,2.49
2026-10-09,Enbridge-Dawn,2.49
2026-10-10,Enbridge-Dawn,2.49
2026-10-11,Enbridge-Dawn,2.49
2026-10-12,Enbridge-Dawn,2.49
2026-10-13,Enbridge-Dawn,2.49
2026-10-14,Enbridge-Dawn,2.49
2026-10-15,Enbridge-Dawn,2.49
2026-10-16,Enbridge-Dawn,2.49
2026-10-17,Enbridge-Dawn,2.49
2026-10-18,Enbridge-Dawn,2.49
2026-10-19,Enbridge-Dawn,2.49
2026-10-20,Enbridge-Dawn,2.49
2026-10-21,Enbridge-Dawn,2.49
2026-10-22,Enbridge-Dawn,2.49
2026-10-23,Enbridge-Dawn,2.49
2026-10-24,Enbridge-Dawn,2.49
2026-10-25,Enbridge-Dawn,2.49
2026-10-26,Enbridge-Dawn,2.49
2026-10-27,Enbridge-Dawn,2.49
2026-10-28,Enbridge-Dawn,2.49
2026-10-29,Enbridge-Dawn,2.49
2026-10-30,Enbridge-Dawn,2.49
2026-10-31,Enbridge-Dawn,2.49
2026-11-01,Enbridge-Dawn,2.77
2026-11-02,Enbridge-Dawn,2.77
2026-11-03,Enbridge-Dawn,2.77
2026-11-04,Enbridge-Dawn,2.77
2026-11-05,Enbridge-Dawn,2.77
2026-11-06,Enbridge-Dawn,2.77
2026-11-07,Enbridge-Dawn,2.77
2026-11-08,Enbridge-Dawn,2.77
2026-11-09,Enbridge-Dawn,2.77
2026-11-10,Enbridge-Dawn,2.77
2026-11-11,Enbridge-Dawn,2.77
2026-11-12,Enbridge-Dawn,2.77
2026-11-13,Enbridge-Dawn,2.77
2026-11-14,Enbridge-Dawn,2.77
2026-11-15,Enbridge-Dawn,2.77
2026-11-16,Enbridge-Dawn,2.77
2026-11-17,Enbridge-Dawn,2.77
2026-11-18,Enbridge-Dawn,2.77
2026-11-19,Enbridge-Dawn,2.77
2026-11-20,Enbridge-Dawn,2.77
2026-11-21,Enbridge-Dawn,2.77
2026-11-22,Enbridge-Dawn,2.77
2026-11-23,Enbridge-Dawn,2.77
2026-11-24,Enbridge-Dawn,2.77
2026-11-25,Enbridge-Dawn,2.77
2026-11-26,Enbridge-Dawn,2.77
2026-11-27,Enbridge-Dawn,2.77
2026-11-28,Enbridge-Dawn,2.77
2026-11-29,Enbridge-Dawn,2.77
2026-11-30,Enbridge-Dawn,2.77
2026-10-02,FGT-Z3,4.105
2026-10-03,FGT-Z3,3.84
2026-10-04,FGT-Z3,3.84
2026-10-05,FGT-Z3,3.84
2026-10-06,FGT-Z3,3.9362
2026-10-07,FGT-Z3,4.158
2026-10-08,FGT-Z3,4.158
2026-10-09,FGT-Z3,4.158
2026-10-10,FGT-Z3,4.158
2026-10-11,FGT-Z3,4.158
2026-10-12,FGT-Z3,4.158
2026-10-13,FGT-Z3,4.158
2026-10-14,FGT-Z3,4.158
2026-10-15,FGT-Z3,4.158
2026-10-16,FGT-Z3,4.158
2026-10-17,FGT-Z3,4.158
2026-10-18,FGT-Z3,4.158
2026-10-19,FGT-Z3,4.158
2026-10-20,FGT-Z3,4.158
2026-10-21,FGT-Z3,4.158
2026-10-22,FGT-Z3,4.158
2026-10-23,FGT-Z3,4.158
2026-10-24,FGT-Z3,4.158
2026-10-25,FGT-Z3,4.158
2026-10-26,FGT-Z3,4.158
2026-10-27,FGT-Z3,4.158
2026-10-28,FGT-Z3,4.158
2026-10-29,FGT-Z3,4.158
2026-10-30,FGT-Z3,4.158
2026-10-31,FGT-Z3,4.158
2026-11-01,FGT-Z3,4.0365
2026-11-02,FGT-Z3,4.0365
2026-11-03,FGT-Z3,4.0365
2026-11-04,FGT-Z3,4.0365
2026-11-05,FGT-Z3,4.0365
2026-11-06,FGT-Z3,4.0365
2026-11-07,FGT-Z3,4.0365
2026-11-08,FGT-Z3,4.0365
2026-11-09,FGT-Z3,4.0365
2026-11-10,FGT-Z3,4.0365
2026-11-11,FGT-Z3,4.0365
2026-11-12,FGT-Z3,4.0365
2026-11-13,FGT-Z3,4.0365
2026-11-14,FGT-Z3,4.0365
2026-11-15,FGT-Z3,4.0365
2026-11-16,FGT-Z3,4.0365
2026-11-17,FGT-Z3,4.0365
2026-11-18,FGT-Z3,4.0365
2026-11-19,FGT-Z3,4.0365
2026-11-20,FGT-Z3,4.0365
2026-11-21,FGT-Z3,4.0365
2026-11-22,FGT-Z3,4.0365
2026-11-23,FGT-Z3,4.0365
2026-11-24,FGT-Z3,4.0365
2026-11-25,FGT-Z3,4.0365
2026-11-26,FGT-Z3,4.0365
2026-11-27,FGT-Z3,4.0365
2026-11-28,FGT-Z3,4.0365
2026-11-29,FGT-Z3,4.0365
2026-11-30,FGT-Z3,4.0365
2026-10-02,HSC,2.48
2026-10-03,HSC,2.48
2026-10-04,HSC,2.48
2026-10-05,HSC,2.48
2026-10-06,HSC,2.4883
2026-10-07,HSC,2.4795
2026-10-08,HSC,2.4795
2026-10-09,HSC,2.4795
2026-10-10,HSC,2.4795
2026-10-11,HSC,2.4795
2026-10-12,HSC,2.4795
2026-10-13,HSC,2.4795
2026-10-14,HSC,2.4795
2026-10-15,HSC,2.4795
2026-10-16,HSC,2.4795
2026-10-17,HSC,2.4795
2026-10-18,HSC,2.4795
2026-10-19,HSC,2.4795
2026-10-20,HSC,2.4795
2026-10-21,HSC,2.4795
2026-10-22,HSC,2.4795
2026-10-23,HSC,2.4795
2026-10-24,HSC,2.4795
2026-10-25,HSC,2.4795
2026-10-26,HSC,2.4795
2026-10-27,HSC,2.4795
2026-10-28,HSC,2.4795
2026-10-29,HSC,2.4795
2026-10-30,HSC,2.4795
2026-10-31,HSC,2.4795
2026-11-01,HSC,2.5255
2026-11-02,HSC,2.5255
2026-11-03,HSC,2.5255
2026-11-04,HSC,2.5255
2026-11-05,HSC,2.5255
2026-11-06,HSC,2.5255
2026-11-07,HSC,2.5255
2026-11-08,HSC,2.5255
2026-11-09,HSC,2.5255
2026-11-10,HSC,2.5255
2026-11-11,HSC,2.5255
2026-11-12,HSC,2.5255
2026-11-13,HSC,2.5255
2026-11-14,HSC,2.5255
2026-11-15,HSC,2.5255
2026-11-16,HSC,2.5255
2026-11-17,HSC,2.5255
2026-11-18,HSC,2.5255
2026-11-19,HSC,2.5255
2026-11-20,HSC,2.5255
2026-11-21,HSC,2.5255
2026-11-22,HSC,2.5255
2026-11-23,HSC,2.5255
2026-11-24,HSC,2.5255
2026-11-25,HSC,2.5255
2026-11-26,HSC,2.5255
2026-11-27,HSC,2.5255
2026-11-28,HSC,2.5255
2026-11-29,HSC,2.5255
2026-11-30,HSC,2.5255
2026-10-02,Henry,3.0
2026-10-03,Henry,2.905
2026-10-04,Henry,2.905
2026-10-05,Henry,2.905
2026-10-06,Henry,2.9604
2026-10-07,Henry,2.9635
2026-10-08,Henry,2.9635
2026-10-09,Henry,2.9635
2026-10-10,Henry,2.9635
2026-10-11,Henry,2.9635
2026-10-12,Henry,2.9635
2026-10-13,Henry,2.9635
2026-10-14,Henry,2.9635
2026-10-15,Henry,2.9635
2026-10-16,Henry,2.9635
2026-10-17,Henry,2.9635
2026-10-18,Henry,2.9635
2026-10-19,Henry,2.9635
2026-10-20,Henry,2.9635
2026-10-21,Henry,2.9635
2026-10-22,Henry,2.9635
2026-10-23,Henry,2.9635
2026-10-24,Henry,2.9635
2026-10-25,Henry,2.9635
2026-10-26,Henry,2.9635
2026-10-27,Henry,2.9635
2026-10-28,Henry,2.9635
2026-10-29,Henry,2.9635
2026-10-30,Henry,2.9635
2026-10-31,Henry,2.9635
2026-11-01,Henry,3.057
2026-11-02,Henry,3.057
2026-11-03,Henry,3.057
2026-11-04,Henry,3.057
2026-11-05,Henry,3.057
2026-11-06,Henry,3.057
2026-11-07,Henry,3.057
2026-11-08,Henry,3.057
2026-11-09,Henry,3.057
2026-11-10,Henry,3.057
2026-11-11,Henry,3.057
2026-11-12,Henry,3.057
2026-11-13,Henry,3.057
2026-11-14,Henry,3.057
2026-11-15,Henry,3.057
2026-11-16,Henry,3.057
2026-11-17,Henry,3.057
2026-11-18,Henry,3.057
2026-11-19,Henry,3.057
2026-11-20,Henry,3.057
2026-11-21,Henry,3.057
2026-11-22,Henry,3.057
2026-11-23,Henry,3.057
2026-11-24,Henry,3.057
2026-11-25,Henry,3.057
2026-11-26,Henry,3.057
2026-11-27,Henry,3.057
2026-11-28,Henry,3.057
2026-11-29,Henry,3.057
2026-11-30,Henry,3.057
2026-10-02,Iroquois (into),2.605
2026-10-03,Iroquois (into),2.295
2026-10-04,Iroquois (into),2.295
2026-10-05,Iroquois (into),2.295
2026-10-06,Iroquois (into),2.5077
2026-10-07,Iroquois (into),2.159
2026-10-08,Iroquois (into),2.159
2026-10-09,Iroquois (into),2.159
2026-10-10,Iroquois (into),2.159
2026-10-11,Iroquois (into),2.159
2026-10-12,Iroquois (into),2.159
2026-10-13,Iroquois (into),2.159
2026-10-14,Iroquois (into),2.159
2026-10-15,Iroquois (into),2.159
2026-10-16,Iroquois (into),2.159
2026-10-17,Iroquois (into),2.159
2026-10-18,Iroquois (into),2.159
2026-10-19,Iroquois (into),2.159
2026-10-20,Iroquois (into),2.159
2026-10-21,Iroquois (into),2.159
2026-10-22,Iroquois (into),2.159
2026-10-23,Iroquois (into),2.159
2026-10-24,Iroquois (into),2.159
2026-10-25,Iroquois (into),2.159
2026-10-26,Iroquois (into),2.159
2026-10-27,Iroquois (into),2.159
2026-10-28,Iroquois (into),2.159
2026-10-29,Iroquois (into),2.159
2026-10-30,Iroquois (into),2.159
2026-10-31,Iroquois (into),2.159
2026-11-01,Iroquois (into),3.155
2026-11-02,Iroquois (into),3.155
2026-11-03,Iroquois (into),3.155
2026-11-04,Iroquois (into),3.155
2026-11-05,Iroquois (into),3.155
2026-11-06,Iroquois (into),3.155
2026-11-07,Iroquois (into),3.155
2026-11-08,Iroquois (into),3.155
2026-11-09,Iroquois (into),3.155
2026-11-10,Iroquois (into),3.155
2026-11-11,Iroquois (into),3.155
2026-11-12,Iroquois (into),3.155
2026-11-13,Iroquois (into),3.155
2026-11-14,Iroquois (into),3.155
2026-11-15,Iroquois (into),3.155
2026-11-16,Iroquois (into),3.155
2026-11-17,Iroquois (into),3.155
2026-11-18,Iroquois (into),3.155
2026-11-19,Iroquois (into),3.155
2026-11-20,Iroquois (into),3.155
2026-11-21,Iroquois (into),3.155
2026-11-22,Iroquois (into),3.155
2026-11-23,Iroquois (into),3.155
2026-11-24,Iroquois (into),3.155
2026-11-25,Iroquois (into),3.155
2026-11-26,Iroquois (into),3.155
2026-11-27,Iroquois (into),3.155
2026-11-28,Iroquois (into),3.155
2026-11-29,Iroquois (into),3.155
2026-11-30,Iroquois (into),3.155
2026-10-02,Iroquois-Z2,2.64
2026-10-03,Iroquois-Z2,2.28
2026-10-04,Iroquois-Z2,2.28
2026-10-05,Iroquois-Z2,2.28
2026-10-06,Iroquois-Z2,2.5786
2026-10-07,Iroquois-Z2,2.316
2026-10-08,Iroquois-Z2,2.316
2026-10-09,Iroquois-Z2,2.316
2026-10-10,Iroquois-Z2,2.316
2026-10-11,Iroquois-Z2,2.316
2026-10-12,Iroquois-Z2,2.316
2026-10-13,Iroquois-Z2,2.316
2026-10-14,Iroquois-Z2,2.316
2026-10-15,Iroquois-Z2,2.316
2026-10-16,Iroquois-Z2,2.316
2026-10-17,Iroquois-Z2,2.316
2026-10-18,Iroquois-Z2,2.316
2026-10-19,Iroquois-Z2,2.316
2026-10-20,Iroquois-Z2,2.316
2026-10-21,Iroquois-Z2,2.316
2026-10-22,Iroquois-Z2,2.316
2026-10-23,Iroquois-Z2,2.316
2026-10-24,Iroquois-Z2,2.316
2026-10-25,Iroquois-Z2,2.316
2026-10-26,Iroquois-Z2,2.316
2026-10-27,Iroquois-Z2,2.316
2026-10-28,Iroquois-Z2,2.316
2026-10-29,Iroquois-Z2,2.316
2026-10-30,Iroquois-Z2,2.316
2026-10-31,Iroquois-Z2,2.316
2026-11-01,Iroquois-Z2,3.573
2026-11-02,Iroquois-Z2,3.573
2026-11-03,Iroquois-Z2,3.573
2026-11-04,Iroquois-Z2,3.573
2026-11-05,Iroquois-Z2,3.573
2026-11-06,Iroquois-Z2,3.573
2026-11-07,Iroquois-Z2,3.573
2026-11-08,Iroquois-Z2,3.573
2026-11-09,Iroquois-Z2,3.573
2026-11-10,Iroquois-Z2,3.573
2026-11-11,Iroquois-Z2,3.573
2026-11-12,Iroquois-Z2,3.573
2026-11-13,Iroquois-Z2,3.573
2026-11-14,Iroquois-Z2,3.573
2026-11-15,Iroquois-Z2,3.573
2026-11-16,Iroquois-Z2,3.573
2026-11-17,Iroquois-Z2,3.573
2026-11-18,Iroquois-Z2,3.573
2026-11-19,Iroquois-Z2,3.573
2026-11-20,Iroquois-Z2,3.573
2026-11-21,Iroquois-Z2,3.573
2026-11-22,Iroquois-Z2,3.573
2026-11-23,Iroquois-Z2,3.573
2026-11-24,Iroquois-Z2,3.573
2026-11-25,Iroquois-Z2,3.573
2026-11-26,Iroquois-Z2,3.573
2026-11-27,Iroquois-Z2,3.573
2026-11-28,Iroquois-Z2,3.573
2026-11-29,Iroquois-Z2,3.573
2026-11-30,Iroquois-Z2,3.573
2026-10-02,Katy,2.525
2026-10-03,Katy,2.55
2026-10-04,Katy,2.55
2026-10-05,Katy,2.55
2026-10-06,Katy,2.5685
2026-10-07,Katy,2.544
2026-10-08,Katy,2.544
2026-10-09,Katy,2.544
2026-10-10,Katy,2.544
2026-10-11,Katy,2.544
2026-10-12,Katy,2.544
2026-10-13,Katy,2.544
2026-10-14,Katy,2.544
2026-10-15,Katy,2.544
2026-10-16,Katy,2.544
2026-10-17,Katy,2.544
2026-10-18,Katy,2.544
2026-10-19,Katy,2.544
2026-10-20,Katy,2.544
2026-10-21,Katy,2.544
2026-10-22,Katy,2.544
2026-10-23,Katy,2.544
2026-10-24,Katy,2.544
2026-10-25,Katy,2.544
2026-10-26,Katy,2.544
2026-10-27,Katy,2.544
2026-10-28,Katy,2.544
2026-10-29,Katy,2.544
2026-10-30,Katy,2.544
2026-10-31,Katy,2.544
2026-11-01,Katy,2.615
2026-11-02,Katy,2.615
2026-11-03,Katy,2.615
2026-11-04,Katy,2.615
2026-11-05,Katy,2.615
2026-11-06,Katy,2.615
2026-11-07,Katy,2.615
2026-11-08,Katy,2.615
2026-11-09,Katy,2.615
2026-11-10,Katy,2.615
2026-11-11,Katy,2.615
2026-11-12,Katy,2.615
2026-11-13,Katy,2.615
2026-11-14,Katy,2.615
2026-11-15,Katy,2.615
2026-11-16,Katy,2.615
2026-11-17,Katy,2.615
2026-11-18,Katy,2.615
2026-11-19,Katy,2.615
2026-11-20,Katy,2.615
2026-11-21,Katy,2.615
2026-11-22,Katy,2.615
2026-11-23,Katy,2.615
2026-11-24,Katy,2.615
2026-11-25,Katy,2.615
2026-11-26,Katy,2.615
2026-11-27,Katy,2.615
2026-11-28,Katy,2.615
2026-11-29,Katy,2.615
2026-11-30,Katy,2.615
2026-10-02,Kern Delivered,3.5
2026-10-03,Kern Delivered,3.72
2026-10-04,Kern Delivered,3.72
2026-10-05,Kern Delivered,3.72
2026-10-06,Kern Delivered,2.7908
2026-10-07,Kern Delivered,2.879
2026-10-08,Kern Delivered,2.879
2026-10-09,Kern Delivered,2.879
2026-10-10,Kern Delivered,2.879
2026-10-11,Kern Delivered,2.879
2026-10-12,Kern Delivered,2.879
2026-10-13,Kern Delivered,2.879
2026-10-14,Kern Delivered,2.879
2026-10-15,Kern Delivered,2.879
2026-10-16,Kern Delivered,2.879
2026-10-17,Kern Delivered,2.879
2026-10-18,Kern Delivered,2.879
2026-10-19,Kern Delivered,2.879
2026-10-20,Kern Delivered,2.879
2026-10-21,Kern Delivered,2.879
2026-10-22,Kern Delivered,2.879
2026-10-23,Kern Delivered,2.879
2026-10-24,Kern Delivered,2.879
2026-10-25,Kern Delivered,2.879
2026-10-26,Kern Delivered,2.879
2026-10-27,Kern Delivered,2.879
2026-10-28,Kern Delivered,2.879
2026-10-29,Kern Delivered,2.879
2026-10-30,Kern Delivered,2.879
2026-10-31,Kern Delivered,2.879
2026-11-01,Kern Delivered,3.116
2026-11-02,Kern Delivered,3.116
2026-11-03,Kern Delivered,3.116
2026-11-04,Kern Delivered,3.116
2026-11-05,Kern Delivered,3.116
2026-11-06,Kern Delivered,3.116
2026-11-07,Kern Delivered,3.116
2026-11-08,Kern Delivered,3.116
2026-11-09,Kern Delivered,3.116
2026-11-10,Kern Delivered,3.116
2026-11-11,Kern Delivered,3.116
2026-11-12,Kern Delivered,3.116
2026-11-13,Kern Delivered,3.116
2026-11-14,Kern Delivered,3.116
2026-11-15,Kern Delivered,3.116
2026-11-16,Kern Delivered,3.116
2026-11-17,Kern Delivered,3.116
2026-11-18,Kern Delivered,3.116
2026-11-19,Kern Delivered,3.116
2026-11-20,Kern Delivered,3.116
2026-11-21,Kern Delivered,3.116
2026-11-22,Kern Delivered,3.116
2026-11-23,Kern Delivered,3.116
2026-11-24,Kern Delivered,3.116
2026-11-25,Kern Delivered,3.116
2026-11-26,Kern Delivered,3.116
2026-11-27,Kern Delivered,3.116
2026-11-28,Kern Delivered,3.116
2026-11-29,Kern Delivered,3.116
2026-11-30,Kern Delivered,3.116
2026-10-02,Michcon,2.27
2026-10-03,Michcon,1.75
2026-10-04,Michcon,1.75
2026-10-05,Michcon,1.75
2026-10-06,Michcon,2.0981
2026-10-07,Michcon,2.4135
2026-10-08,Michcon,2.4135
2026-10-09,Michcon,2.4135
2026-10-10,Michcon,2.4135
2026-10-11,Michcon,2.4135
2026-10-12,Michcon,2.4135
2026-10-13,Michcon,2.4135
2026-10-14,Michcon,2.4135
2026-10-15,Michcon,2.4135
2026-10-16,Michcon,2.4135
2026-10-17,Michcon,2.4135
2026-10-18,Michcon,2.4135
2026-10-19,Michcon,2.4135
2026-10-20,Michcon,2.4135
2026-10-21,Michcon,2.4135
2026-10-22,Michcon,2.4135
2026-10-23,Michcon,2.4135
2026-10-24,Michcon,2.4135
2026-10-25,Michcon,2.4135
2026-10-26,Michcon,2.4135
2026-10-27,Michcon,2.4135
2026-10-28,Michcon,2.4135
2026-10-29,Michcon,2.4135
2026-10-30,Michcon,2.4135
2026-10-31,Michcon,2.4135
2026-11-01,Michcon,2.631
2026-11-02,Michcon,2.631
2026-11-03,Michcon,2.631
2026-11-04,Michcon,2.631
2026-11-05,Michcon,2.631
2026-11-06,Michcon,2.631
2026-11-07,Michcon,2.631
2026-11-08,Michcon,2.631
2026-11-09,Michcon,2.631
2026-11-10,Michcon,2.631
2026-11-11,Michcon,2.631
2026-11-12,Michcon,2.631
2026-11-13,Michcon,2.631
2026-11-14,Michcon,2.631
2026-11-15,Michcon,2.631
2026-11-16,Michcon,2.631
2026-11-17,Michcon,2.631
2026-11-18,Michcon,2.631
2026-11-19,Michcon,2.631
2026-11-20,Michcon,2.631
2026-11-21,Michcon,2.631
2026-11-22,Michcon,2.631
2026-11-23,Michcon,2.631
2026-11-24,Michcon,2.631
2026-11-25,Michcon,2.631
2026-11-26,Michcon,2.631
2026-11-27,Michcon,2.631
2026-11-28,Michcon,2.631
2026-11-29,Michcon,2.631
2026-11-30,Michcon,2.631
2026-10-02,Millennium East Pool,1.055
2026-10-03,Millennium East Pool,0.875
2026-10-04,Millennium East Pool,0.875
2026-10-05,Millennium East Pool,0.875
2026-10-06,Millennium East Pool,1.0148
2026-10-07,Millennium East Pool,1.4535
2026-10-08,Millennium East Pool,1.4535
2026-10-09,Millennium East Pool,1.4535
2026-10-10,Millennium East Pool,1.4535
2026-10-11,Millennium East Pool,1.4535
2026-10-12,Millennium East Pool,1.4535
2026-10-13,Millennium East Pool,1.4535
2026-10-14,Millennium East Pool,1.4535
2026-10-15,Millennium East Pool,1.4535
2026-10-16,Millennium East Pool,1.4535
2026-10-17,Millennium East Pool,1.4535
2026-10-18,Millennium East Pool,1.4535
2026-10-19,Millennium East Pool,1.4535
2026-10-20,Millennium East Pool,1.4535
2026-10-21,Millennium East Pool,1.4535
2026-10-22,Millennium East Pool,1.4535
2026-10-23,Millennium East Pool,1.4535
2026-10-24,Millennium East Pool,1.4535
2026-10-25,Millennium East Pool,1.4535
2026-10-26,Millennium East Pool,1.4535
2026-10-27,Millennium East Pool,1.4535
2026-10-28,Millennium East Pool,1.4535
2026-10-29,Millennium East Pool,1.4535
2026-10-30,Millennium East Pool,1.4535
2026-10-31,Millennium East Pool,1.4535
2026-11-01,Millennium East Pool,2.4425
2026-11-02,Millennium East Pool,2.4425
2026-11-03,Millennium East Pool,2.4425
2026-11-04,Millennium East Pool,2.4425
2026-11-05,Millennium East Pool,2.4425
2026-11-06,Millennium East Pool,2.4425
2026-11-07,Millennium East Pool,2.4425
2026-11-08,Millennium East Pool,2.4425
2026-11-09,Millennium East Pool,2.4425
2026-11-10,Millennium East Pool,2.4425
2026-11-11,Millennium East Pool,2.4425
2026-11-12,Millennium East Pool,2.4425
2026-11-13,Millennium East Pool,2.4425
2026-11-14,Millennium East Pool,2.4425
2026-11-15,Millennium East Pool,2.4425
2026-11-16,Millennium East Pool,2.4425
2026-11-17,Millennium East Pool,2.4425
2026-11-18,Millennium East Pool,2.4425
2026-11-19,Millennium East Pool,2.4425
2026-11-20,Millennium East Pool,2.4425
2026-11-21,Millennium East Pool,2.4425
2026-11-22,Millennium East Pool,2.4425
2026-11-23,Millennium East Pool,2.4425
2026-11-24,Millennium East Pool,2.4425
2026-11-25,Millennium East Pool,2.4425
2026-11-26,Millennium East Pool,2.4425
2026-11-27,Millennium East Pool,2.4425
2026-11-28,Millennium East Pool,2.4425
2026-11-29,Millennium East Pool,2.4425
2026-11-30,Millennium East Pool,2.4425
2026-10-02,NGPL-Midcont Pool,2.48
2026-10-03,NGPL-Midcont Pool,2.39
2026-10-04,NGPL-Midcont Pool,2.39
2026-10-05,NGPL-Midcont Pool,2.39
2026-10-06,NGPL-Midcont Pool,2.4112
2026-10-07,NGPL-Midcont Pool,2.4025
2026-10-08,NGPL-Midcont Pool,2.4025
2026-10-09,NGPL-Midcont Pool,2.4025
2026-10-10,NGPL-Midcont Pool,2.4025
2026-10-11,NGPL-Midcont Pool,2.4025
2026-10-12,NGPL-Midcont Pool,2.4025
2026-10-13,NGPL-Midcont Pool,2.4025
2026-10-14,NGPL-Midcont Pool,2.4025
2026-10-15,NGPL-Midcont Pool,2.4025
2026-10-16,NGPL-Midcont Pool,2.4025
2026-10-17,NGPL-Midcont Pool,2.4025
2026-10-18,NGPL-Midcont Pool,2.4025
2026-10-19,NGPL-Midcont Pool,2.4025
2026-10-20,NGPL-Midcont Pool,2.4025
2026-10-21,NGPL-Midcont Pool,2.4025
2026-10-22,NGPL-Midcont Pool,2.4025
2026-10-23,NGPL-Midcont Pool,2.4025
2026-10-24,NGPL-Midcont Pool,2.4025
2026-10-25,NGPL-Midcont Pool,2.4025
2026-10-26,NGPL-Midcont Pool,2.4025
2026-10-27,NGPL-Midcont Pool,2.4025
2026-10-28,NGPL-Midcont Pool,2.4025
2026-10-29,NGPL-Midcont Pool,2.4025
2026-10-30,NGPL-Midcont Pool,2.4025
2026-10-31,NGPL-Midcont Pool,2.4025
2026-11-01,NGPL-Midcont Pool,2.481
2026-11-02,NGPL-Midcont Pool,2.481
2026-11-03,NGPL-Midcont Pool,2.481
2026-11-04,NGPL-Midcont Pool,2.481
2026-11-05,NGPL-Midcont Pool,2.481
2026-11-06,NGPL-Midcont Pool,2.481
2026-11-07,NGPL-Midcont Pool,2.481
2026-11-08,NGPL-Midcont Pool,2.481
2026-11-09,NGPL-Midcont Pool,2.481
2026-11-10,NGPL-Midcont Pool,2.481
2026-11-11,NGPL-Midcont Pool,2.481
2026-11-12,NGPL-Midcont Pool,2.481
2026-11-13,NGPL-Midcont Pool,2.481
2026-11-14,NGPL-Midcont Pool,2.481
2026-11-15,NGPL-Midcont Pool,2.481
2026-11-16,NGPL-Midcont Pool,2.481
2026-11-17,NGPL-Midcont Pool,2.481
2026-11-18,NGPL-Midcont Pool,2.481
2026-11-19,NGPL-Midcont Pool,2.481
2026-11-20,NGPL-Midcont Pool,2.481
2026-11-21,NGPL-Midcont Pool,2.481
2026-11-22,NGPL-Midcont Pool,2.481
2026-11-23,NGPL-Midcont Pool,2.481
2026-11-24,NGPL-Midcont Pool,2.481
2026-11-25,NGPL-Midcont Pool,2.481
2026-11-26,NGPL-Midcont Pool,2.481
2026-11-27,NGPL-Midcont Pool,2.481
2026-11-28,NGPL-Midcont Pool,2.481
2026-11-29,NGPL-Midcont Pool,2.481
2026-11-30,NGPL-Midcont Pool,2.481
2026-10-02,NGPL-STX,2.44
2026-10-03,NGPL-STX,2.42
2026-10-04,NGPL-STX,2.42
2026-10-05,NGPL-STX,2.42
2026-10-06,NGPL-STX,2.3691
2026-10-07,NGPL-STX,2.4495
2026-10-08,NGPL-STX,2.4495
2026-10-09,NGPL-STX,2.4495
2026-10-10,NGPL-STX,2.4495
2026-10-11,NGPL-STX,2.4495
2026-10-12,NGPL-STX,2.4495
2026-10-13,NGPL-STX,2.4495
2026-10-14,NGPL-STX,2.4495
2026-10-15,NGPL-STX,2.4495
2026-10-16,NGPL-STX,2.4495
2026-10-17,NGPL-STX,2.4495
2026-10-18,NGPL-STX,2.4495
2026-10-19,NGPL-STX,2.4495
2026-10-20,NGPL-STX,2.4495
2026-10-21,NGPL-STX,2.4495
2026-10-22,NGPL-STX,2.4495
2026-10-23,NGPL-STX,2.4495
2026-10-24,NGPL-STX,2.4495
2026-10-25,NGPL-STX,2.4495
2026-10-26,NGPL-STX,2.4495
2026-10-27,NGPL-STX,2.4495
2026-10-28,NGPL-STX,2.4495
2026-10-29,NGPL-STX,2.4495
2026-10-30,NGPL-STX,2.4495
2026-10-31,NGPL-STX,2.4495
2026-11-01,NGPL-STX,2.588
2026-11-02,NGPL-STX,2.588
2026-11-03,NGPL-STX,2.588
2026-11-04,NGPL-STX,2.588
2026-11-05,NGPL-STX,2.588
2026-11-06,NGPL-STX,2.588
2026-11-07,NGPL-STX,2.588
2026-11-08,NGPL-STX,2.588
2026-11-09,NGPL-STX,2.588
2026-11-10,NGPL-STX,2.588
2026-11-11,NGPL-STX,2.588
2026-11-12,NGPL-STX,2.588
2026-11-13,NGPL-STX,2.588
2026-11-14,NGPL-STX,2.588
2026-11-15,NGPL-STX,2.588
2026-11-16,NGPL-STX,2.588
2026-11-17,NGPL-STX,2.588
2026-11-18,NGPL-STX,2.588
2026-11-19,NGPL-STX,2.588
2026-11-20,NGPL-STX,2.588
2026-11-21,NGPL-STX,2.588
2026-11-22,NGPL-STX,2.588
2026-11-23,NGPL-STX,2.588
2026-11-24,NGPL-STX,2.588
2026-11-25,NGPL-STX,2.588
2026-11-26,NGPL-STX,2.588
2026-11-27,NGPL-STX,2.588
2026-11-28,NGPL-STX,2.588
2026-11-29,NGPL-STX,2.588
2026-11-30,NGPL-STX,2.588
2026-10-02,NGPL-TxOk,2.585
2026-10-03,NGPL-TxOk,2.5
2026-10-04,NGPL-TxOk,2.5
2026-10-05,NGPL-TxOk,2.5
2026-10-06,NGPL-TxOk,2.6245
2026-10-07,NGPL-TxOk,2.5475
2026-10-08,NGPL-TxOk,2.5475
2026-10-09,NGPL-TxOk,2.5475
2026-10-10,NGPL-TxOk,2.5475
2026-10-11,NGPL-TxOk,2.5475
2026-10-12,NGPL-TxOk,2.5475
2026-10-13,NGPL-TxOk,2.5475
2026-10-14,NGPL-TxOk,2.5475
2026-10-15,NGPL-TxOk,2.5475
2026-10-16,NGPL-TxOk,2.5475
2026-10-17,NGPL-TxOk,2.5475
2026-10-18,NGPL-TxOk,2.5475
2026-10-19,NGPL-TxOk,2.5475
2026-10-20,NGPL-TxOk,2.5475
2026-10-21,NGPL-TxOk,2.5475
2026-10-22,NGPL-TxOk,2.5475
2026-10-23,NGPL-TxOk,2.5475
2026-10-24,NGPL-TxOk,2.5475
2026-10-25,NGPL-TxOk,2.5475
2026-10-26,NGPL-TxOk,2.5475
2026-10-27,NGPL-TxOk,2.5475
2026-10-28,NGPL-TxOk,2.5475
2026-10-29,NGPL-TxOk,2.5475
2026-10-30,NGPL-TxOk,2.5475
2026-10-31,NGPL-TxOk,2.5475
2026-11-01,NGPL-TxOk,2.6085
2026-11-02,NGPL-TxOk,2.6085
2026-11-03,NGPL-TxOk,2.6085
2026-11-04,NGPL-TxOk,2.6085
2026-11-05,NGPL-TxOk,2.6085
2026-11-06,NGPL-TxOk,2.6085
2026-11-07,NGPL-TxOk,2.6085
2026-11-08,NGPL-TxOk,2.6085
2026-11-09,NGPL-TxOk,2.6085
2026-11-10,NGPL-TxOk,2.6085
2026-11-11,NGPL-TxOk,2.6085
2026-11-12,NGPL-TxOk,2.6085
2026-11-13,NGPL-TxOk,2.6085
2026-11-14,NGPL-TxOk,2.6085
2026-11-15,NGPL-TxOk,2.6085
2026-11-16,NGPL-TxOk,2.6085
2026-11-17,NGPL-TxOk,2.6085
2026-11-18,NGPL-TxOk,2.6085
2026-11-19,NGPL-TxOk,2.6085
2026-11-20,NGPL-TxOk,2.6085
2026-11-21,NGPL-TxOk,2.6085
2026-11-22,NGPL-TxOk,2.6085
2026-11-23,NGPL-TxOk,2.6085
2026-11-24,NGPL-TxOk,2.6085
2026-11-25,NGPL-TxOk,2.6085
2026-11-26,NGPL-TxOk,2.6085
2026-11-27,NGPL-TxOk,2.6085
2026-11-28,NGPL-TxOk,2.6085
2026-11-29,NGPL-TxOk,2.6085
2026-11-30,NGPL-TxOk,2.6085
2026-10-02,NNG-Demarc,2.57
2026-10-03,NNG-Demarc,2.415
2026-10-04,NNG-Demarc,2.415
2026-10-05,NNG-Demarc,2.415
2026-10-06,NNG-Demarc,2.5352
2026-10-07,NNG-Demarc,2.4885
2026-10-08,NNG-Demarc,2.4885
2026-10-09,NNG-Demarc,2.4885
2026-10-10,NNG-Demarc,2.4885
2026-10-11,NNG-Demarc,2.4885
2026-10-12,NNG-Demarc,2.4885
2026-10-13,NNG-Demarc,2.4885
2026-10-14,NNG-Demarc,2.4885
2026-10-15,NNG-Demarc,2.4885
2026-10-16,NNG-Demarc,2.4885
2026-10-17,NNG-Demarc,2.4885
2026-10-18,NNG-Demarc,2.4885
2026-10-19,NNG-Demarc,2.4885
2026-10-20,NNG-Demarc,2.4885
2026-10-21,NNG-Demarc,2.4885
2026-10-22,NNG-Demarc,2.4885
2026-10-23,NNG-Demarc,2.4885
2026-10-24,NNG-Demarc,2.4885
2026-10-25,NNG-Demarc,2.4885
2026-10-26,NNG-Demarc,2.4885
2026-10-27,NNG-Demarc,2.4885
2026-10-28,NNG-Demarc,2.4885
2026-10-29,NNG-Demarc,2.4885
2026-10-30,NNG-Demarc,2.4885
2026-10-31,NNG-Demarc,2.4885
2026-11-01,NNG-Demarc,2.835
2026-11-02,NNG-Demarc,2.835
2026-11-03,NNG-Demarc,2.835
2026-11-04,NNG-Demarc,2.835
2026-11-05,NNG-Demarc,2.835
2026-11-06,NNG-Demarc,2.835
2026-11-07,NNG-Demarc,2.835
2026-11-08,NNG-Demarc,2.835
2026-11-09,NNG-Demarc,2.835
2026-11-10,NNG-Demarc,2.835
2026-11-11,NNG-Demarc,2.835
2026-11-12,NNG-Demarc,2.835
2026-11-13,NNG-Demarc,2.835
2026-11-14,NNG-Demarc,2.835
2026-11-15,NNG-Demarc,2.835
2026-11-16,NNG-Demarc,2.835
2026-11-17,NNG-Demarc,2.835
2026-11-18,NNG-Demarc,2.835
2026-11-19,NNG-Demarc,2.835
2026-11-20,NNG-Demarc,2.835
2026-11-21,NNG-Demarc,2.835
2026-11-22,NNG-Demarc,2.835
2026-11-23,NNG-Demarc,2.835
2026-11-24,NNG-Demarc,2.835
2026-11-25,NNG-Demarc,2.835
2026-11-26,NNG-Demarc,2.835
2026-11-27,NNG-Demarc,2.835
2026-11-28,NNG-Demarc,2.835
2026-11-29,NNG-Demarc,2.835
2026-11-30,NNG-Demarc,2.835
2026-10-02,NNG-Ventura,2.585
2026-10-03,NNG-Ventura,2.44
2026-10-04,NNG-Ventura,2.44
2026-10-05,NNG-Ventura,2.44
2026-10-06,NNG-Ventura,2.5075
2026-10-07,NNG-Ventura,2.4735
2026-10-08,NNG-Ventura,2.4735
2026-10-09,NNG-Ventura,2.4735
2026-10-10,NNG-Ventura,2.4735
2026-10-11,NNG-Ventura,2.4735
2026-10-12,NNG-Ventura,2.4735
2026-10-13,NNG-Ventura,2.4735
2026-10-14,NNG-Ventura,2.4735
2026-10-15,NNG-Ventura,2.4735
2026-10-16,NNG-Ventura,2.4735
2026-10-17,NNG-Ventura,2.4735
2026-10-18,NNG-Ventura,2.4735
2026-10-19,NNG-Ventura,2.4735
2026-10-20,NNG-Ventura,2.4735
2026-10-21,NNG-Ventura,2.4735
2026-10-22,NNG-Ventura,2.4735
2026-10-23,NNG-Ventura,2.4735
2026-10-24,NNG-Ventura,2.4735
2026-10-25,NNG-Ventura,2.4735
2026-10-26,NNG-Ventura,2.4735
2026-10-27,NNG-Ventura,2.4735
2026-10-28,NNG-Ventura,2.4735
2026-10-29,NNG-Ventura,2.4735
2026-10-30,NNG-Ventura,2.4735
2026-10-31,NNG-Ventura,2.4735
2026-11-01,NNG-Ventura,2.7515
2026-11-02,NNG-Ventura,2.7515
2026-11-03,NNG-Ventura,2.7515
2026-11-04,NNG-Ventura,2.7515
2026-11-05,NNG-Ventura,2.7515
2026-11-06,NNG-Ventura,2.7515
2026-11-07,NNG-Ventura,2.7515
2026-11-08,NNG-Ventura,2.7515
2026-11-09,NNG-Ventura,2.7515
2026-11-10,NNG-Ventura,2.7515
2026-11-11,NNG-Ventura,2.7515
2026-11-12,NNG-Ventura,2.7515
2026-11-13,NNG-Ventura,2.7515
2026-11-14,NNG-Ventura,2.7515
2026-11-15,NNG-Ventura,2.7515
2026-11-16,NNG-Ventura,2.7515
2026-11-17,NNG-Ventura,2.7515
2026-11-18,NNG-Ventura,2.7515
2026-11-19,NNG-Ventura,2.7515
2026-11-20,NNG-Ventura,2.7515
2026-11-21,NNG-Ventura,2.7515
2026-11-22,NNG-Ventura,2.7515
2026-11-23,NNG-Ventura,2.7515
2026-11-24,NNG-Ventura,2.7515
2026-11-25,NNG-Ventura,2.7515
2026-11-26,NNG-Ventura,2.7515
2026-11-27,NNG-Ventura,2.7515
2026-11-28,NNG-Ventura,2.7515
2026-11-29,NNG-Ventura,2.7515
2026-11-30,NNG-Ventura,2.7515
2026-10-02,NWP-Rockies,2.675
2026-10-03,NWP-Rockies,2.57
2026-10-04,NWP-Rockies,2.57
2026-10-05,NWP-Rockies,2.57
2026-10-06,NWP-Rockies,2.535
2026-10-07,NWP-Rockies,2.595
2026-10-08,NWP-Rockies,2.595
2026-10-09,NWP-Rockies,2.595
2026-10-10,NWP-Rockies,2.595
2026-10-11,NWP-Rockies,2.595
2026-10-12,NWP-Rockies,2.595
2026-10-13,NWP-Rockies,2.595
2026-10-14,NWP-Rockies,2.595
2026-10-15,NWP-Rockies,2.595
2026-10-16,NWP-Rockies,2.595
2026-10-17,NWP-Rockies,2.595
2026-10-18,NWP-Rockies,2.595
2026-10-19,NWP-Rockies,2.595
2026-10-20,NWP-Rockies,2.595
2026-10-21,NWP-Rockies,2.595
2026-10-22,NWP-Rockies,2.595
2026-10-23,NWP-Rockies,2.595
2026-10-24,NWP-Rockies,2.595
2026-10-25,NWP-Rockies,2.595
2026-10-26,NWP-Rockies,2.595
2026-10-27,NWP-Rockies,2.595
2026-10-28,NWP-Rockies,2.595
2026-10-29,NWP-Rockies,2.595
2026-10-30,NWP-Rockies,2.595
2026-10-31,NWP-Rockies,2.595
2026-11-01,NWP-Rockies,2.837
2026-11-02,NWP-Rockies,2.837
2026-11-03,NWP-Rockies,2.837
2026-11-04,NWP-Rockies,2.837
2026-11-05,NWP-Rockies,2.837
2026-11-06,NWP-Rockies,2.837
2026-11-07,NWP-Rockies,2.837
2026-11-08,NWP-Rockies,2.837
2026-11-09,NWP-Rockies,2.837
2026-11-10,NWP-Rockies,2.837
2026-11-11,NWP-Rockies,2.837
2026-11-12,NWP-Rockies,2.837
2026-11-13,NWP-Rockies,2.837
2026-11-14,NWP-Rockies,2.837
2026-11-15,NWP-Rockies,2.837
2026-11-16,NWP-Rockies,2.837
2026-11-17,NWP-Rockies,2.837
2026-11-18,NWP-Rockies,2.837
2026-11-19,NWP-Rockies,2.837
2026-11-20,NWP-Rockies,2.837
2026-11-21,NWP-Rockies,2.837
2026-11-22,NWP-Rockies,2.837
2026-11-23,NWP-Rockies,2.837
2026-11-24,NWP-Rockies,2.837
2026-11-25,NWP-Rockies,2.837
2026-11-26,NWP-Rockies,2.837
2026-11-27,NWP-Rockies,2.837
2026-11-28,NWP-Rockies,2.837
2026-11-29,NWP-Rockies,2.837
2026-11-30,NWP-Rockies,2.837
2026-10-02,NWP-Sumas,2.59
2026-10-03,NWP-Sumas,2.515
2026-10-04,NWP-Sumas,2.515
2026-10-05,NWP-Sumas,2.515
2026-10-06,NWP-Sumas,2.7505
2026-10-07,NWP-Sumas,2.7505
2026-10-08,NWP-Sumas,2.7505
2026-10-09,NWP-Sumas,2.7505
2026-10-10,NWP-Sumas,2.7505
2026-10-11,NWP-Sumas,2.7505
2026-10-12,NWP-Sumas,2.7505
2026-10-13,NWP-Sumas,2.7505
2026-10-14,NWP-Sumas,2.7505
2026-10-15,NWP-Sumas,2.7505
2026-10-16,NWP-Sumas,2.7505
2026-10-17,NWP-Sumas,2.7505
2026-10-18,NWP-Sumas,2.7505
2026-10-19,NWP-Sumas,2.7505
2026-10-20,NWP-Sumas,2.7505
2026-10-21,NWP-Sumas,2.7505
2026-10-22,NWP-Sumas,2.7505
2026-10-23,NWP-Sumas,2.7505
2026-10-24,NWP-Sumas,2.7505
2026-10-25,NWP-Sumas,2.7505
2026-10-26,NWP-Sumas,2.7505
2026-10-27,NWP-Sumas,2.7505
2026-10-28,NWP-Sumas,2.7505
2026-10-29,NWP-Sumas,2.7505
2026-10-30,NWP-Sumas,2.7505
2026-10-31,NWP-Sumas,2.7505
2026-11-01,NWP-Sumas,2.7825
2026-11-02,NWP-Sumas,2.7825
2026-11-03,NWP-Sumas,2.7825
2026-11-04,NWP-Sumas,2.7825
2026-11-05,NWP-Sumas,2.7825
2026-11-06,NWP-Sumas,2.7825
2026-11-07,NWP-Sumas,2.7825
2026-11-08,NWP-Sumas,2.7825
2026-11-09,NWP-Sumas,2.7825
2026-11-10,NWP-Sumas,2.7825
2026-11-11,NWP-Sumas,2.7825
2026-11-12,NWP-Sumas,2.7825
2026-11-13,NWP-Sumas,2.7825
2026-11-14,NWP-Sumas,2.7825
2026-11-15,NWP-Sumas,2.7825
2026-11-16,NWP-Sumas,2.7825
2026-11-17,NWP-Sumas,2.7825
2026-11-18,NWP-Sumas,2.7825
2026-11-19,NWP-Sumas,2.7825
2026-11-20,NWP-Sumas,2.7825
2026-11-21,NWP-Sumas,2.7825
2026-11-22,NWP-Sumas,2.7825
2026-11-23,NWP-Sumas,2.7825
2026-11-24,NWP-Sumas,2.7825
2026-11-25,NWP-Sumas,2.7825
2026-11-26,NWP-Sumas,2.7825
2026-11-27,NWP-Sumas,2.7825
2026-11-28,NWP-Sumas,2.7825
2026-11-29,NWP-Sumas,2.7825
2026-11-30,NWP-Sumas,2.7825
2026-10-02,ONEOK,2.515
2026-10-03,ONEOK,2.39
2026-10-04,ONEOK,2.39
2026-10-05,ONEOK,2.39
2026-10-06,ONEOK,2.3858
2026-10-07,ONEOK,2.3635
2026-10-08,ONEOK,2.3635
2026-10-09,ONEOK,2.3635
2026-10-10,ONEOK,2.3635
2026-10-11,ONEOK,2.3635
2026-10-12,ONEOK,2.3635
2026-10-13,ONEOK,2.3635
2026-10-14,ONEOK,2.3635
2026-10-15,ONEOK,2.3635
2026-10-16,ONEOK,2.3635
2026-10-17,ONEOK,2.3635
2026-10-18,ONEOK,2.3635
2026-10-19,ONEOK,2.3635
2026-10-20,ONEOK,2.3635
2026-10-21,ONEOK,2.3635
2026-10-22,ONEOK,2.3635
2026-10-23,ONEOK,2.3635
2026-10-24,ONEOK,2.3635
2026-10-25,ONEOK,2.3635
2026-10-26,ONEOK,2.3635
2026-10-27,ONEOK,2.3635
2026-10-28,ONEOK,2.3635
2026-10-29,ONEOK,2.3635
2026-10-30,ONEOK,2.3635
2026-10-31,ONEOK,2.3635
2026-11-01,ONEOK,2.5625
2026-11-02,ONEOK,2.5625
2026-11-03,ONEOK,2.5625
2026-11-04,ONEOK,2.5625
2026-11-05,ONEOK,2.5625
2026-11-06,ONEOK,2.5625
2026-11-07,ONEOK,2.5625
2026-11-08,ONEOK,2.5625
2026-11-09,ONEOK,2.5625
2026-11-10,ONEOK,2.5625
2026-11-11,ONEOK,2.5625
2026-11-12,ONEOK,2.5625
2026-11-13,ONEOK,2.5625
2026-11-14,ONEOK,2.5625
2026-11-15,ONEOK,2.5625
2026-11-16,ONEOK,2.5625
2026-11-17,ONEOK,2.5625
2026-11-18,ONEOK,2.5625
2026-11-19,ONEOK,2.5625
2026-11-20,ONEOK,2.5625
2026-11-21,ONEOK,2.5625
2026-11-22,ONEOK,2.5625
2026-11-23,ONEOK,2.5625
2026-11-24,ONEOK,2.5625
2026-11-25,ONEOK,2.5625
2026-11-26,ONEOK,2.5625
2026-11-27,ONEOK,2.5625
2026-11-28,ONEOK,2.5625
2026-11-29,ONEOK,2.5625
2026-11-30,ONEOK,2.5625
2026-10-02,PG&E-Citygate,3.915
2026-10-03,PG&E-Citygate,3.815
2026-10-04,PG&E-Citygate,3.815
2026-10-05,PG&E-Citygate,3.815
2026-10-06,PG&E-Citygate,3.835
2026-10-07,PG&E-Citygate,3.695
2026-10-08,PG&E-Citygate,3.695
2026-10-09,PG&E-Citygate,3.695
2026-10-10,PG&E-Citygate,3.695
2026-10-11,PG&E-Citygate,3.695
2026-10-12,PG&E-Citygate,3.695
2026-10-13,PG&E-Citygate,3.695
2026-10-14,PG&E-Citygate,3.695
2026-10-15,PG&E-Citygate,3.695
2026-10-16,PG&E-Citygate,3.695
2026-10-17,PG&E-Citygate,3.695
2026-10-18,PG&E-Citygate,3.695
2026-10-19,PG&E-Citygate,3.695
2026-10-20,PG&E-Citygate,3.695
2026-10-21,PG&E-Citygate,3.695
2026-10-22,PG&E-Citygate,3.695
2026-10-23,PG&E-Citygate,3.695
2026-10-24,PG&E-Citygate,3.695
2026-10-25,PG&E-Citygate,3.695
2026-10-26,PG&E-Citygate,3.695
2026-10-27,PG&E-Citygate,3.695
2026-10-28,PG&E-Citygate,3.695
2026-10-29,PG&E-Citygate,3.695
2026-10-30,PG&E-Citygate,3.695
2026-10-31,PG&E-Citygate,3.695
2026-11-01,PG&E-Citygate,3.6705
2026-11-02,PG&E-Citygate,3.6705
2026-11-03,PG&E-Citygate,3.6705
2026-11-04,PG&E-Citygate,3.6705
2026-11-05,PG&E-Citygate,3.6705
2026-11-06,PG&E-Citygate,3.6705
2026-11-07,PG&E-Citygate,3.6705
2026-11-08,PG&E-Citygate,3.6705
2026-11-09,PG&E-Citygate,3.6705
2026-11-10,PG&E-Citygate,3.6705
2026-11-11,PG&E-Citygate,3.6705
2026-11-12,PG&E-Citygate,3.6705
2026-11-13,PG&E-Citygate,3.6705
2026-11-14,PG&E-Citygate,3.6705
2026-11-15,PG&E-Citygate,3.6705
2026-11-16,PG&E-Citygate,3.6705
2026-11-17,PG&E-Citygate,3.6705
2026-11-18,PG&E-Citygate,3.6705
2026-11-19,PG&E-Citygate,3.6705
2026-11-20,PG&E-Citygate,3.6705
2026-11-21,PG&E-Citygate,3.6705
2026-11-22,PG&E-Citygate,3.6705
2026-11-23,PG&E-Citygate,3.6705
2026-11-24,PG&E-Citygate,3.6705
2026-11-25,PG&E-Citygate,3.6705
2026-11-26,PG&E-Citygate,3.6705
2026-11-27,PG&E-Citygate,3.6705
2026-11-28,PG&E-Citygate,3.6705
2026-11-29,PG&E-Citygate,3.6705
2026-11-30,PG&E-Citygate,3.6705
2026-10-02,PGT-Malin,2.6
2026-10-03,PGT-Malin,2.515
2026-10-04,PGT-Malin,2.515
2026-10-05,PGT-Malin,2.515
2026-10-06,PGT-Malin,2.9187
2026-10-07,PGT-Malin,2.66
2026-10-08,PGT-Malin,2.66
2026-10-09,PGT-Malin,2.66
2026-10-10,PGT-Malin,2.66
2026-10-11,PGT-Malin,2.66
2026-10-12,PGT-Malin,2.66
2026-10-13,PGT-Malin,2.66
2026-10-14,PGT-Malin,2.66
2026-10-15,PGT-Malin,2.66
2026-10-16,PGT-Malin,2.66
2026-10-17,PGT-Malin,2.66
2026-10-18,PGT-Malin,2.66
2026-10-19,PGT-Malin,2.66
2026-10-20,PGT-Malin,2.66
2026-10-21,PGT-Malin,2.66
2026-10-22,PGT-Malin,2.66
2026-10-23,PGT-Malin,2.66
2026-10-24,PGT-Malin,2.66
2026-10-25,PGT-Malin,2.66
2026-10-26,PGT-Malin,2.66
2026-10-27,PGT-Malin,2.66
2026-10-28,PGT-Malin,2.66
2026-10-29,PGT-Malin,2.66
2026-10-30,PGT-Malin,2.66
2026-10-31,PGT-Malin,2.66
2026-11-01,PGT-Malin,2.8875
2026-11-02,PGT-Malin,2.8875
2026-11-03,PGT-Malin,2.8875
2026-11-04,PGT-Malin,2.8875
2026-11-05,PGT-Malin,2.8875
2026-11-06,PGT-Malin,2.8875
2026-11-07,PGT-Malin,2.8875
2026-11-08,PGT-Malin,2.8875
2026-11-09,PGT-Malin,2.8875
2026-11-10,PGT-Malin,2.8875
2026-11-11,PGT-Malin,2.8875
2026-11-12,PGT-Malin,2.8875
2026-11-13,PGT-Malin,2.8875
2026-11-14,PGT-Malin,2.8875
2026-11-15,PGT-Malin,2.8875
2026-11-16,PGT-Malin,2.8875
2026-11-17,PGT-Malin,2.8875
2026-11-18,PGT-Malin,2.8875
2026-11-19,PGT-Malin,2.8875
2026-11-20,PGT-Malin,2.8875
2026-11-21,PGT-Malin,2.8875
2026-11-22,PGT-Malin,2.8875
2026-11-23,PGT-Malin,2.8875
2026-11-24,PGT-Malin,2.8875
2026-11-25,PGT-Malin,2.8875
2026-11-26,PGT-Malin,2.8875
2026-11-27,PGT-Malin,2.8875
2026-11-28,PGT-Malin,2.8875
2026-11-29,PGT-Malin,2.8875
2026-11-30,PGT-Malin,2.8875
2026-10-02,Panhandle,2.375
2026-10-03,Panhandle,2.34
2026-10-04,Panhandle,2.34
2026-10-05,Panhandle,2.34
2026-10-06,Panhandle,2.3996
2026-10-07,Panhandle,2.3
2026-10-08,Panhandle,2.3
2026-10-09,Panhandle,2.3
2026-10-10,Panhandle,2.3
2026-10-11,Panhandle,2.3
2026-10-12,Panhandle,2.3
2026-10-13,Panhandle,2.3
2026-10-14,Panhandle,2.3
2026-10-15,Panhandle,2.3
2026-10-16,Panhandle,2.3
2026-10-17,Panhandle,2.3
2026-10-18,Panhandle,2.3
2026-10-19,Panhandle,2.3
2026-10-20,Panhandle,2.3
2026-10-21,Panhandle,2.3
2026-10-22,Panhandle,2.3
2026-10-23,Panhandle,2.3
2026-10-24,Panhandle,2.3
2026-10-25,Panhandle,2.3
2026-10-26,Panhandle,2.3
2026-10-27,Panhandle,2.3
2026-10-28,Panhandle,2.3
2026-10-29,Panhandle,2.3
2026-10-30,Panhandle,2.3
2026-10-31,Panhandle,2.3
2026-11-01,Panhandle,2.4455
2026-11-02,Panhandle,2.4455
2026-11-03,Panhandle,2.4455
2026-11-04,Panhandle,2.4455
2026-11-05,Panhandle,2.4455
2026-11-06,Panhandle,2.4455
2026-11-07,Panhandle,2.4455
2026-11-08,Panhandle,2.4455
2026-11-09,Panhandle,2.4455
2026-11-10,Panhandle,2.4455
2026-11-11,Panhandle,2.4455
2026-11-12,Panhandle,2.4455
2026-11-13,Panhandle,2.4455
2026-11-14,Panhandle,2.4455
2026-11-15,Panhandle,2.4455
2026-11-16,Panhandle,2.4455
2026-11-17,Panhandle,2.4455
2026-11-18,Panhandle,2.4455
2026-11-19,Panhandle,2.4455
2026-11-20,Panhandle,2.4455
2026-11-21,Panhandle,2.4455
2026-11-22,Panhandle,2.4455
2026-11-23,Panhandle,2.4455
2026-11-24,Panhandle,2.4455
2026-11-25,Panhandle,2.4455
2026-11-26,Panhandle,2.4455
2026-11-27,Panhandle,2.4455
2026-11-28,Panhandle,2.4455
2026-11-29,Panhandle,2.4455
2026-11-30,Panhandle,2.4455
2026-10-02,Permian (EP),1.635
2026-10-03,Permian (EP),1.53
2026-10-04,Permian (EP),1.53
2026-10-05,Permian (EP),1.53
2026-10-06,Permian (EP),1.4899
2026-10-07,Permian (EP),1.71
2026-10-08,Permian (EP),1.71
2026-10-09,Permian (EP),1.71
2026-10-10,Permian (EP),1.71
2026-10-11,Permian (EP),1.71
2026-10-12,Permian (EP),1.71
2026-10-13,Permian (EP),1.71
2026-10-14,Permian (EP),1.71
2026-10-15,Permian (EP),1.71
2026-10-16,Permian (EP),1.71
2026-10-17,Permian (EP),1.71
2026-10-18,Permian (EP),1.71
2026-10-19,Permian (EP),1.71
2026-10-20,Permian (EP),1.71
2026-10-21,Permian (EP),1.71
2026-10-22,Permian (EP),1.71
2026-10-23,Permian (EP),1.71
2026-10-24,Permian (EP),1.71
2026-10-25,Permian (EP),1.71
2026-10-26,Permian (EP),1.71
2026-10-27,Permian (EP),1.71
2026-10-28,Permian (EP),1.71
2026-10-29,Permian (EP),1.71
2026-10-30,Permian (EP),1.71
2026-10-31,Permian (EP),1.71
2026-11-01,Permian (EP),1.7195
2026-11-02,Permian (EP),1.7195
2026-11-03,Permian (EP),1.7195
2026-11-04,Permian (EP),1.7195
2026-11-05,Permian (EP),1.7195
2026-11-06,Permian (EP),1.7195
2026-11-07,Permian (EP),1.7195
2026-11-08,Permian (EP),1.7195
2026-11-09,Permian (EP),1.7195
2026-11-10,Permian (EP),1.7195
2026-11-11,Permian (EP),1.7195
2026-11-12,Permian (EP),1.7195
2026-11-13,Permian (EP),1.7195
2026-11-14,Permian (EP),1.7195
2026-11-15,Permian (EP),1.7195
2026-11-16,Permian (EP),1.7195
2026-11-17,Permian (EP),1.7195
2026-11-18,Permian (EP),1.7195
2026-11-19,Permian (EP),1.7195
2026-11-20,Permian (EP),1.7195
2026-11-21,Permian (EP),1.7195
2026-11-22,Permian (EP),1.7195
2026-11-23,Permian (EP),1.7195
2026-11-24,Permian (EP),1.7195
2026-11-25,Permian (EP),1.7195
2026-11-26,Permian (EP),1.7195
2026-11-27,Permian (EP),1.7195
2026-11-28,Permian (EP),1.7195
2026-11-29,Permian (EP),1.7195
2026-11-30,Permian (EP),1.7195
2026-10-02,Pine Prairie,2.735
2026-10-03,Pine Prairie,2.695
2026-10-04,Pine Prairie,2.695
2026-10-05,Pine Prairie,2.695
2026-10-06,Pine Prairie,2.8349
2026-10-07,Pine Prairie,2.8145
2026-10-08,Pine Prairie,2.8145
2026-10-09,Pine Prairie,2.8145
2026-10-10,Pine Prairie,2.8145
2026-10-11,Pine Prairie,2.8145
2026-10-12,Pine Prairie,2.8145
2026-10-13,Pine Prairie,2.8145
2026-10-14,Pine Prairie,2.8145
2026-10-15,Pine Prairie,2.8145
2026-10-16,Pine Prairie,2.8145
2026-10-17,Pine Prairie,2.8145
2026-10-18,Pine Prairie,2.8145
2026-10-19,Pine Prairie,2.8145
2026-10-20,Pine Prairie,2.8145
2026-10-21,Pine Prairie,2.8145
2026-10-22,Pine Prairie,2.8145
2026-10-23,Pine Prairie,2.8145
2026-10-24,Pine Prairie,2.8145
2026-10-25,Pine Prairie,2.8145
2026-10-26,Pine Prairie,2.8145
2026-10-27,Pine Prairie,2.8145
2026-10-28,Pine Prairie,2.8145
2026-10-29,Pine Prairie,2.8145
2026-10-30,Pine Prairie,2.8145
2026-10-31,Pine Prairie,2.8145
2026-11-01,Pine Prairie,2.9555
2026-11-02,Pine Prairie,2.9555
2026-11-03,Pine Prairie,2.9555
2026-11-04,Pine Prairie,2.9555
2026-11-05,Pine Prairie,2.9555
2026-11-06,Pine Prairie,2.9555
2026-11-07,Pine Prairie,2.9555
2026-11-08,Pine Prairie,2.9555
2026-11-09,Pine Prairie,2.9555
2026-11-10,Pine Prairie,2.9555
2026-11-11,Pine Prairie,2.9555
2026-11-12,Pine Prairie,2.9555
2026-11-13,Pine Prairie,2.9555
2026-11-14,Pine Prairie,2.9555
2026-11-15,Pine Prairie,2.9555
2026-11-16,Pine Prairie,2.9555
2026-11-17,Pine Prairie,2.9555
2026-11-18,Pine Prairie,2.9555
2026-11-19,Pine Prairie,2.9555
2026-11-20,Pine Prairie,2.9555
2026-11-21,Pine Prairie,2.9555
2026-11-22,Pine Prairie,2.9555
2026-11-23,Pine Prairie,2.9555
2026-11-24,Pine Prairie,2.9555
2026-11-25,Pine Prairie,2.9555
2026-11-26,Pine Prairie,2.9555
2026-11-27,Pine Prairie,2.9555
2026-11-28,Pine Prairie,2.9555
2026-11-29,Pine Prairie,2.9555
2026-11-30,Pine Prairie,2.9555
2026-10-02,REX-Z3,2.61
2026-10-03,REX-Z3,2.46
2026-10-04,REX-Z3,2.46
2026-10-05,REX-Z3,2.46
2026-10-06,REX-Z3,2.575
2026-10-07,REX-Z3,2.511
2026-10-08,REX-Z3,2.511
2026-10-09,REX-Z3,2.511
2026-10-10,REX-Z3,2.511
2026-10-11,REX-Z3,2.511
2026-10-12,REX-Z3,2.511
2026-10-13,REX-Z3,2.511
2026-10-14,REX-Z3,2.511
2026-10-15,REX-Z3,2.511
2026-10-16,REX-Z3,2.511
2026-10-17,REX-Z3,2.511
2026-10-18,REX-Z3,2.511
2026-10-19,REX-Z3,2.511
2026-10-20,REX-Z3,2.511
2026-10-21,REX-Z3,2.511
2026-10-22,REX-Z3,2.511
2026-10-23,REX-Z3,2.511
2026-10-24,REX-Z3,2.511
2026-10-25,REX-Z3,2.511
2026-10-26,REX-Z3,2.511
2026-10-27,REX-Z3,2.511
2026-10-28,REX-Z3,2.511
2026-10-29,REX-Z3,2.511
2026-10-30,REX-Z3,2.511
2026-10-31,REX-Z3,2.511
2026-11-01,REX-Z3,2.639
2026-11-02,REX-Z3,2.639
2026-11-03,REX-Z3,2.639
2026-11-04,REX-Z3,2.639
2026-11-05,REX-Z3,2.639
2026-11-06,REX-Z3,2.639
2026-11-07,REX-Z3,2.639
2026-11-08,REX-Z3,2.639
2026-11-09,REX-Z3,2.639
2026-11-10,REX-Z3,2.639
2026-11-11,REX-Z3,2.639
2026-11-12,REX-Z3,2.639
2026-11-13,REX-Z3,2.639
2026-11-14,REX-Z3,2.639
2026-11-15,REX-Z3,2.639
2026-11-16,REX-Z3,2.639
2026-11-17,REX-Z3,2.639
2026-11-18,REX-Z3,2.639
2026-11-19,REX-Z3,2.639
2026-11-20,REX-Z3,2.639
2026-11-21,REX-Z3,2.639
2026-11-22,REX-Z3,2.639
2026-11-23,REX-Z3,2.639
2026-11-24,REX-Z3,2.639
2026-11-25,REX-Z3,2.639
2026-11-26,REX-Z3,2.639
2026-11-27,REX-Z3,2.639
2026-11-28,REX-Z3,2.639
2026-11-29,REX-Z3,2.639
2026-11-30,REX-Z3,2.639
2026-10-02,San Juan (EP),2.62
2026-10-03,San Juan (EP),2.245
2026-10-04,San Juan (EP),2.245
2026-10-05,San Juan (EP),2.245
2026-10-06,San Juan (EP),2.4018
2026-10-07,San Juan (EP),2.2485
2026-10-08,San Juan (EP),2.2485
2026-10-09,San Juan (EP),2.2485
2026-10-10,San Juan (EP),2.2485
2026-10-11,San Juan (EP),2.2485
2026-10-12,San Juan (EP),2.2485
2026-10-13,San Juan (EP),2.2485
2026-10-14,San Juan (EP),2.2485
2026-10-15,San Juan (EP),2.2485
2026-10-16,San Juan (EP),2.2485
2026-10-17,San Juan (EP),2.2485
2026-10-18,San Juan (EP),2.2485
2026-10-19,San Juan (EP),2.2485
2026-10-20,San Juan (EP),2.2485
2026-10-21,San Juan (EP),2.2485
2026-10-22,San Juan (EP),2.2485
2026-10-23,San Juan (EP),2.2485
2026-10-24,San Juan (EP),2.2485
2026-10-25,San Juan (EP),2.2485
2026-10-26,San Juan (EP),2.2485
2026-10-27,San Juan (EP),2.2485
2026-10-28,San Juan (EP),2.2485
2026-10-29,San Juan (EP),2.2485
2026-10-30,San Juan (EP),2.2485
2026-10-31,San Juan (EP),2.2485
2026-11-01,San Juan (EP),2.5775
2026-11-02,San Juan (EP),2.5775
2026-11-03,San Juan (EP),2.5775
2026-11-04,San Juan (EP),2.5775
2026-11-05,San Juan (EP),2.5775
2026-11-06,San Juan (EP),2.5775
2026-11-07,San Juan (EP),2.5775
2026-11-08,San Juan (EP),2.5775
2026-11-09,San Juan (EP),2.5775
2026-11-10,San Juan (EP),2.5775
2026-11-11,San Juan (EP),2.5775
2026-11-12,San Juan (EP),2.5775
2026-11-13,San Juan (EP),2.5775
2026-11-14,San Juan (EP),2.5775
2026-11-15,San Juan (EP),2.5775
2026-11-16,San Juan (EP),2.5775
2026-11-17,San Juan (EP),2.5775
2026-11-18,San Juan (EP),2.5775
2026-11-19,San Juan (EP),2.5775
2026-11-20,San Juan (EP),2.5775
2026-11-21,San Juan (EP),2.5775
2026-11-22,San Juan (EP),2.5775
2026-11-23,San Juan (EP),2.5775
2026-11-24,San Juan (EP),2.5775
2026-11-25,San Juan (EP),2.5775
2026-11-26,San Juan (EP),2.5775
2026-11-27,San Juan (EP),2.5775
2026-11-28,San Juan (EP),2.5775
2026-11-29,San Juan (EP),2.5775
2026-11-30,San Juan (EP),2.5775
2026-10-02,Socal-Border,3.505
2026-10-03,Socal-Border,3.79
2026-10-04,Socal-Border,3.79
2026-10-05,Socal-Border,3.79
2026-10-06,Socal-Border,3.8916
2026-10-07,Socal-Border,2.999
2026-10-08,Socal-Border,2.999
2026-10-09,Socal-Border,2.999
2026-10-10,Socal-Border,2.999
2026-10-11,Socal-Border,2.999
2026-10-12,Socal-Border,2.999
2026-10-13,Socal-Border,2.999
2026-10-14,Socal-Border,2.999
2026-10-15,Socal-Border,2.999
2026-10-16,Socal-Border,2.999
2026-10-17,Socal-Border,2.999
2026-10-18,Socal-Border,2.999
2026-10-19,Socal-Border,2.999
2026-10-20,Socal-Border,2.999
2026-10-21,Socal-Border,2.999
2026-10-22,Socal-Border,2.999
2026-10-23,Socal-Border,2.999
2026-10-24,Socal-Border,2.999
2026-10-25,Socal-Border,2.999
2026-10-26,Socal-Border,2.999
2026-10-27,Socal-Border,2.999
2026-10-28,Socal-Border,2.999
2026-10-29,Socal-Border,2.999
2026-10-30,Socal-Border,2.999
2026-10-31,Socal-Border,2.999
2026-11-01,Socal-Border,3.116
2026-11-02,Socal-Border,3.116
2026-11-03,Socal-Border,3.116
2026-11-04,Socal-Border,3.116
2026-11-05,Socal-Border,3.116
2026-11-06,Socal-Border,3.116
2026-11-07,Socal-Border,3.116
2026-11-08,Socal-Border,3.116
2026-11-09,Socal-Border,3.116
2026-11-10,Socal-Border,3.116
2026-11-11,Socal-Border,3.116
2026-11-12,Socal-Border,3.116
2026-11-13,Socal-Border,3.116
2026-11-14,Socal-Border,3.116
2026-11-15,Socal-Border,3.116
2026-11-16,Socal-Border,3.116
2026-11-17,Socal-Border,3.116
2026-11-18,Socal-Border,3.116
2026-11-19,Socal-Border,3.116
2026-11-20,Socal-Border,3.116
2026-11-21,Socal-Border,3.116
2026-11-22,Socal-Border,3.116
2026-11-23,Socal-Border,3.116
2026-11-24,Socal-Border,3.116
2026-11-25,Socal-Border,3.116
2026-11-26,Socal-Border,3.116
2026-11-27,Socal-Border,3.116
2026-11-28,Socal-Border,3.116
2026-11-29,Socal-Border,3.116
2026-11-30,Socal-Border,3.116
2026-10-02,Socal-Citygate,4.44
2026-10-03,Socal-Citygate,4.65
2026-10-04,Socal-Citygate,4.65
2026-10-05,Socal-Citygate,4.65
2026-10-06,Socal-Citygate,4.6632
2026-10-07,Socal-Citygate,3.8795
2026-10-08,Socal-Citygate,3.8795
2026-10-09,Socal-Citygate,3.8795
2026-10-10,Socal-Citygate,3.8795
2026-10-11,Socal-Citygate,3.8795
2026-10-12,Socal-Citygate,3.8795
2026-10-13,Socal-Citygate,3.8795
2026-10-14,Socal-Citygate,3.8795
2026-10-15,Socal-Citygate,3.8795
2026-10-16,Socal-Citygate,3.8795
2026-10-17,Socal-Citygate,3.8795
2026-10-18,Socal-Citygate,3.8795
2026-10-19,Socal-Citygate,3.8795
2026-10-20,Socal-Citygate,3.8795
2026-10-21,Socal-Citygate,3.8795
2026-10-22,Socal-Citygate,3.8795
2026-10-23,Socal-Citygate,3.8795
2026-10-24,Socal-Citygate,3.8795
2026-10-25,Socal-Citygate,3.8795
2026-10-26,Socal-Citygate,3.8795
2026-10-27,Socal-Citygate,3.8795
2026-10-28,Socal-Citygate,3.8795
2026-10-29,Socal-Citygate,3.8795
2026-10-30,Socal-Citygate,3.8795
2026-10-31,Socal-Citygate,3.8795
2026-11-01,Socal-Citygate,3.9135
2026-11-02,Socal-Citygate,3.9135
2026-11-03,Socal-Citygate,3.9135
2026-11-04,Socal-Citygate,3.9135
2026-11-05,Socal-Citygate,3.9135
2026-11-06,Socal-Citygate,3.9135
2026-11-07,Socal-Citygate,3.9135
2026-11-08,Socal-Citygate,3.9135
2026-11-09,Socal-Citygate,3.9135
2026-11-10,Socal-Citygate,3.9135
2026-11-11,Socal-Citygate,3.9135
2026-11-12,Socal-Citygate,3.9135
2026-11-13,Socal-Citygate,3.9135
2026-11-14,Socal-Citygate,3.9135
2026-11-15,Socal-Citygate,3.9135
2026-11-16,Socal-Citygate,3.9135
2026-11-17,Socal-Citygate,3.9135
2026-11-18,Socal-Citygate,3.9135
2026-11-19,Socal-Citygate,3.9135
2026-11-20,Socal-Citygate,3.9135
2026-11-21,Socal-Citygate,3.9135
2026-11-22,Socal-Citygate,3.9135
2026-11-23,Socal-Citygate,3.9135
2026-11-24,Socal-Citygate,3.9135
2026-11-25,Socal-Citygate,3.9135
2026-11-26,Socal-Citygate,3.9135
2026-11-27,Socal-Citygate,3.9135
2026-11-28,Socal-Citygate,3.9135
2026-11-29,Socal-Citygate,3.9135
2026-11-30,Socal-Citygate,3.9135
2026-10-02,Sonat-Z0,3.98
2026-10-03,Sonat-Z0,3.625
2026-10-04,Sonat-Z0,3.625
2026-10-05,Sonat-Z0,3.625
2026-10-06,Sonat-Z0,3.7974
2026-10-07,Sonat-Z0,3.5905
2026-10-08,Sonat-Z0,3.5905
2026-10-09,Sonat-Z0,3.5905
2026-10-10,Sonat-Z0,3.5905
2026-10-11,Sonat-Z0,3.5905
2026-10-12,Sonat-Z0,3.5905
2026-10-13,Sonat-Z0,3.5905
2026-10-14,Sonat-Z0,3.5905
2026-10-15,Sonat-Z0,3.5905
2026-10-16,Sonat-Z0,3.5905
2026-10-17,Sonat-Z0,3.5905
2026-10-18,Sonat-Z0,3.5905
2026-10-19,Sonat-Z0,3.5905
2026-10-20,Sonat-Z0,3.5905
2026-10-21,Sonat-Z0,3.5905
2026-10-22,Sonat-Z0,3.5905
2026-10-23,Sonat-Z0,3.5905
2026-10-24,Sonat-Z0,3.5905
2026-10-25,Sonat-Z0,3.5905
2026-10-26,Sonat-Z0,3.5905
2026-10-27,Sonat-Z0,3.5905
2026-10-28,Sonat-Z0,3.5905
2026-10-29,Sonat-Z0,3.5905
2026-10-30,Sonat-Z0,3.5905
2026-10-31,Sonat-Z0,3.5905
2026-11-01,Sonat-Z0,3.7405
2026-11-02,Sonat-Z0,3.7405
2026-11-03,Sonat-Z0,3.7405
2026-11-04,Sonat-Z0,3.7405
2026-11-05,Sonat-Z0,3.7405
2026-11-06,Sonat-Z0,3.7405
2026-11-07,Sonat-Z0,3.7405
2026-11-08,Sonat-Z0,3.7405
2026-11-09,Sonat-Z0,3.7405
2026-11-10,Sonat-Z0,3.7405
2026-11-11,Sonat-Z0,3.7405
2026-11-12,Sonat-Z0,3.7405
2026-11-13,Sonat-Z0,3.7405
2026-11-14,Sonat-Z0,3.7405
2026-11-15,Sonat-Z0,3.7405
2026-11-16,Sonat-Z0,3.7405
2026-11-17,Sonat-Z0,3.7405
2026-11-18,Sonat-Z0,3.7405
2026-11-19,Sonat-Z0,3.7405
2026-11-20,Sonat-Z0,3.7405
2026-11-21,Sonat-Z0,3.7405
2026-11-22,Sonat-Z0,3.7405
2026-11-23,Sonat-Z0,3.7405
2026-11-24,Sonat-Z0,3.7405
2026-11-25,Sonat-Z0,3.7405
2026-11-26,Sonat-Z0,3.7405
2026-11-27,Sonat-Z0,3.7405
2026-11-28,Sonat-Z0,3.7405
2026-11-29,Sonat-Z0,3.7405
2026-11-30,Sonat-Z0,3.7405
2026-10-02,Southern Star,2.485
2026-10-03,Southern Star,2.44
2026-10-04,Southern Star,2.44
2026-10-05,Southern Star,2.44
2026-10-06,Southern Star,2.55
2026-10-07,Southern Star,2.4135
2026-10-08,Southern Star,2.4135
2026-10-09,Southern Star,2.4135
2026-10-10,Southern Star,2.4135
2026-10-11,Southern Star,2.4135
2026-10-12,Southern Star,2.4135
2026-10-13,Southern Star,2.4135
2026-10-14,Southern Star,2.4135
2026-10-15,Southern Star,2.4135
2026-10-16,Southern Star,2.4135
2026-10-17,Southern Star,2.4135
2026-10-18,Southern Star,2.4135
2026-10-19,Southern Star,2.4135
2026-10-20,Southern Star,2.4135
2026-10-21,Southern Star,2.4135
2026-10-22,Southern Star,2.4135
2026-10-23,Southern Star,2.4135
2026-10-24,Southern Star,2.4135
2026-10-25,Southern Star,2.4135
2026-10-26,Southern Star,2.4135
2026-10-27,Southern Star,2.4135
2026-10-28,Southern Star,2.4135
2026-10-29,Southern Star,2.4135
2026-10-30,Southern Star,2.4135
2026-10-31,Southern Star,2.4135
2026-11-01,Southern Star,2.618
2026-11-02,Southern Star,2.618
2026-11-03,Southern Star,2.618
2026-11-04,Southern Star,2.618
2026-11-05,Southern Star,2.618
2026-11-06,Southern Star,2.618
2026-11-07,Southern Star,2.618
2026-11-08,Southern Star,2.618
2026-11-09,Southern Star,2.618
2026-11-10,Southern Star,2.618
2026-11-11,Southern Star,2.618
2026-11-12,Southern Star,2.618
2026-11-13,Southern Star,2.618
2026-11-14,Southern Star,2.618
2026-11-15,Southern Star,2.618
2026-11-16,Southern Star,2.618
2026-11-17,Southern Star,2.618
2026-11-18,Southern Star,2.618
2026-11-19,Southern Star,2.618
2026-11-20,Southern Star,2.618
2026-11-21,Southern Star,2.618
2026-11-22,Southern Star,2.618
2026-11-23,Southern Star,2.618
2026-11-24,Southern Star,2.618
2026-11-25,Southern Star,2.618
2026-11-26,Southern Star,2.618
2026-11-27,Southern Star,2.618
2026-11-28,Southern Star,2.618
2026-11-29,Southern Star,2.618
2026-11-30,Southern Star,2.618
2026-10-02,TCO,1.135
2026-10-03,TCO,0.865
2026-10-04,TCO,0.865
2026-10-05,TCO,0.865
2026-10-06,TCO,1.1011
2026-10-07,TCO,1.441
2026-10-08,TCO,1.441
2026-10-09,TCO,1.441
2026-10-10,TCO,1.441
2026-10-11,TCO,1.441
2026-10-12,TCO,1.441
2026-10-13,TCO,1.441
2026-10-14,TCO,1.441
2026-10-15,TCO,1.441
2026-10-16,TCO,1.441
2026-10-17,TCO,1.441
2026-10-18,TCO,1.441
2026-10-19,TCO,1.441
2026-10-20,TCO,1.441
2026-10-21,TCO,1.441
2026-10-22,TCO,1.441
2026-10-23,TCO,1.441
2026-10-24,TCO,1.441
2026-10-25,TCO,1.441
2026-10-26,TCO,1.441
2026-10-27,TCO,1.441
2026-10-28,TCO,1.441
2026-10-29,TCO,1.441
2026-10-30,TCO,1.441
2026-10-31,TCO,1.441
2026-11-01,TCO,2.345
2026-11-02,TCO,2.345
2026-11-03,TCO,2.345
2026-11-04,TCO,2.345
2026-11-05,TCO,2.345
2026-11-06,TCO,2.345
2026-11-07,TCO,2.345
2026-11-08,TCO,2.345
2026-11-09,TCO,2.345
2026-11-10,TCO,2.345
2026-11-11,TCO,2.345
2026-11-12,TCO,2.345
2026-11-13,TCO,2.345
2026-11-14,TCO,2.345
2026-11-15,TCO,2.345
2026-11-16,TCO,2.345
2026-11-17,TCO,2.345
2026-11-18,TCO,2.345
2026-11-19,TCO,2.345
2026-11-20,TCO,2.345
2026-11-21,TCO,2.345
2026-11-22,TCO,2.345
2026-11-23,TCO,2.345
2026-11-24,TCO,2.345
2026-11-25,TCO,2.345
2026-11-26,TCO,2.345
2026-11-27,TCO,2.345
2026-11-28,TCO,2.345
2026-11-29,TCO,2.345
2026-11-30,TCO,2.345
2026-10-02,TETCO-ELA,2.75
2026-10-03,TETCO-ELA,2.7
2026-10-04,TETCO-ELA,2.7
2026-10-05,TETCO-ELA,2.7
2026-10-06,TETCO-ELA,2.883
2026-10-07,TETCO-ELA,2.6855
2026-10-08,TETCO-ELA,2.6855
2026-10-09,TETCO-ELA,2.6855
2026-10-10,TETCO-ELA,2.6855
2026-10-11,TETCO-ELA,2.6855
2026-10-12,TETCO-ELA,2.6855
2026-10-13,TETCO-ELA,2.6855
2026-10-14,TETCO-ELA,2.6855
2026-10-15,TETCO-ELA,2.6855
2026-10-16,TETCO-ELA,2.6855
2026-10-17,TETCO-ELA,2.6855
2026-10-18,TETCO-ELA,2.6855
2026-10-19,TETCO-ELA,2.6855
2026-10-20,TETCO-ELA,2.6855
2026-10-21,TETCO-ELA,2.6855
2026-10-22,TETCO-ELA,2.6855
2026-10-23,TETCO-ELA,2.6855
2026-10-24,TETCO-ELA,2.6855
2026-10-25,TETCO-ELA,2.6855
2026-10-26,TETCO-ELA,2.6855
2026-10-27,TETCO-ELA,2.6855
2026-10-28,TETCO-ELA,2.6855
2026-10-29,TETCO-ELA,2.6855
2026-10-30,TETCO-ELA,2.6855
2026-10-31,TETCO-ELA,2.6855
2026-11-01,TETCO-ELA,2.9535
2026-11-02,TETCO-ELA,2.9535
2026-11-03,TETCO-ELA,2.9535
2026-11-04,TETCO-ELA,2.9535
2026-11-05,TETCO-ELA,2.9535
2026-11-06,TETCO-ELA,2.9535
2026-11-07,TETCO-ELA,2.9535
2026-11-08,TETCO-ELA,2.9535
2026-11-09,TETCO-ELA,2.9535
2026-11-10,TETCO-ELA,2.9535
2026-11-11,TETCO-ELA,2.9535
2026-11-12,TETCO-ELA,2.9535
2026-11-13,TETCO-ELA,2.9535
2026-11-14,TETCO-ELA,2.9535
2026-11-15,TETCO-ELA,2.9535
2026-11-16,TETCO-ELA,2.9535
2026-11-17,TETCO-ELA,2.9535
2026-11-18,TETCO-ELA,2.9535
2026-11-19,TETCO-ELA,2.9535
2026-11-20,TETCO-ELA,2.9535
2026-11-21,TETCO-ELA,2.9535
2026-11-22,TETCO-ELA,2.9535
2026-11-23,TETCO-ELA,2.9535
2026-11-24,TETCO-ELA,2.9535
2026-11-25,TETCO-ELA,2.9535
2026-11-26,TETCO-ELA,2.9535
2026-11-27,TETCO-ELA,2.9535
2026-11-28,TETCO-ELA,2.9535
2026-11-29,TETCO-ELA,2.9535
2026-11-30,TETCO-ELA,2.9535
2026-10-02,TETCO-M2 (receipts),1.125
2026-10-03,TETCO-M2 (receipts),0.88
2026-10-04,TETCO-M2 (receipts),0.88
2026-10-05,TETCO-M2 (receipts),0.88
2026-10-06,TETCO-M2 (receipts),0.9644
2026-10-07,TETCO-M2 (receipts),1.2435
2026-10-08,TETCO-M2 (receipts),1.2435
2026-10-09,TETCO-M2 (receipts),1.2435
2026-10-10,TETCO-M2 (receipts),1.2435
2026-10-11,TETCO-M2 (receipts),1.2435
2026-10-12,TETCO-M2 (receipts),1.2435
2026-10-13,TETCO-M2 (receipts),1.2435
2026-10-14,TETCO-M2 (receipts),1.2435
2026-10-15,TETCO-M2 (receipts),1.2435
2026-10-16,TETCO-M2 (receipts),1.2435
2026-10-17,TETCO-M2 (receipts),1.2435
2026-10-18,TETCO-M2 (receipts),1.2435
2026-10-19,TETCO-M2 (receipts),1.2435
2026-10-20,TETCO-M2 (receipts),1.2435
2026-10-21,TETCO-M2 (receipts),1.2435
2026-10-22,TETCO-M2 (receipts),1.2435
2026-10-23,TETCO-M2 (receipts),1.2435
2026-10-24,TETCO-M2 (receipts),1.2435
2026-10-25,TETCO-M2 (receipts),1.2435
2026-10-26,TETCO-M2 (receipts),1.2435
2026-10-27,TETCO-M2 (receipts),1.2435
2026-10-28,TETCO-M2 (receipts),1.2435
2026-10-29,TETCO-M2 (receipts),1.2435
2026-10-30,TETCO-M2 (receipts),1.2435
2026-10-31,TETCO-M2 (receipts),1.2435
2026-11-01,TETCO-M2 (receipts),2.26
2026-11-02,TETCO-M2 (receipts),2.26
2026-11-03,TETCO-M2 (receipts),2.26
2026-11-04,TETCO-M2 (receipts),2.26
2026-11-05,TETCO-M2 (receipts),2.26
2026-11-06,TETCO-M2 (receipts),2.26
2026-11-07,TETCO-M2 (receipts),2.26
2026-11-08,TETCO-M2 (receipts),2.26
2026-11-09,TETCO-M2 (receipts),2.26
2026-11-10,TETCO-M2 (receipts),2.26
2026-11-11,TETCO-M2 (receipts),2.26
2026-11-12,TETCO-M2 (receipts),2.26
2026-11-13,TETCO-M2 (receipts),2.26
2026-11-14,TETCO-M2 (receipts),2.26
2026-11-15,TETCO-M2 (receipts),2.26
2026-11-16,TETCO-M2 (receipts),2.26
2026-11-17,TETCO-M2 (receipts),2.26
2026-11-18,TETCO-M2 (receipts),2.26
2026-11-19,TETCO-M2 (receipts),2.26
2026-11-20,TETCO-M2 (receipts),2.26
2026-11-21,TETCO-M2 (receipts),2.26
2026-11-22,TETCO-M2 (receipts),2.26
2026-11-23,TETCO-M2 (receipts),2.26
2026-11-24,TETCO-M2 (receipts),2.26
2026-11-25,TETCO-M2 (receipts),2.26
2026-11-26,TETCO-M2 (receipts),2.26
2026-11-27,TETCO-M2 (receipts),2.26
2026-11-28,TETCO-M2 (receipts),2.26
2026-11-29,TETCO-M2 (receipts),2.26
2026-11-30,TETCO-M2 (receipts),2.26
2026-10-02,TETCO-M3,1.225
2026-10-03,TETCO-M3,0.935
2026-10-04,TETCO-M3,0.935
2026-10-05,TETCO-M3,0.935
2026-10-06,TETCO-M3,1.0429
2026-10-07,TETCO-M3,1.431
2026-10-08,TETCO-M3,1.431
2026-10-09,TETCO-M3,1.431
2026-10-10,TETCO-M3,1.431
2026-10-11,TETCO-M3,1.431
2026-10-12,TETCO-M3,1.431
2026-10-13,TETCO-M3,1.431
2026-10-14,TETCO-M3,1.431
2026-10-15,TETCO-M3,1.431
2026-10-16,TETCO-M3,1.431
2026-10-17,TETCO-M3,1.431
2026-10-18,TETCO-M3,1.431
2026-10-19,TETCO-M3,1.431
2026-10-20,TETCO-M3,1.431
2026-10-21,TETCO-M3,1.431
2026-10-22,TETCO-M3,1.431
2026-10-23,TETCO-M3,1.431
2026-10-24,TETCO-M3,1.431
2026-10-25,TETCO-M3,1.431
2026-10-26,TETCO-M3,1.431
2026-10-27,TETCO-M3,1.431
2026-10-28,TETCO-M3,1.431
2026-10-29,TETCO-M3,1.431
2026-10-30,TETCO-M3,1.431
2026-10-31,TETCO-M3,1.431
2026-11-01,TETCO-M3,2.3705
2026-11-02,TETCO-M3,2.3705
2026-11-03,TETCO-M3,2.3705
2026-11-04,TETCO-M3,2.3705
2026-11-05,TETCO-M3,2.3705
2026-11-06,TETCO-M3,2.3705
2026-11-07,TETCO-M3,2.3705
2026-11-08,TETCO-M3,2.3705
2026-11-09,TETCO-M3,2.3705
2026-11-10,TETCO-M3,2.3705
2026-11-11,TETCO-M3,2.3705
2026-11-12,TETCO-M3,2.3705
2026-11-13,TETCO-M3,2.3705
2026-11-14,TETCO-M3,2.3705
2026-11-15,TETCO-M3,2.3705
2026-11-16,TETCO-M3,2.3705
2026-11-17,TETCO-M3,2.3705
2026-11-18,TETCO-M3,2.3705
2026-11-19,TETCO-M3,2.3705
2026-11-20,TETCO-M3,2.3705
2026-11-21,TETCO-M3,2.3705
2026-11-22,TETCO-M3,2.3705
2026-11-23,TETCO-M3,2.3705
2026-11-24,TETCO-M3,2.3705
2026-11-25,TETCO-M3,2.3705
2026-11-26,TETCO-M3,2.3705
2026-11-27,TETCO-M3,2.3705
2026-11-28,TETCO-M3,2.3705
2026-11-29,TETCO-M3,2.3705
2026-11-30,TETCO-M3,2.3705
2026-10-02,TETCO-STX,2.58
2026-10-03,TETCO-STX,2.515
2026-10-04,TETCO-STX,2.515
2026-10-05,TETCO-STX,2.515
2026-10-06,TETCO-STX,2.5232
2026-10-07,TETCO-STX,2.4145
2026-10-08,TETCO-STX,2.4145
2026-10-09,TETCO-STX,2.4145
2026-10-10,TETCO-STX,2.4145
2026-10-11,TETCO-STX,2.4145
2026-10-12,TETCO-STX,2.4145
2026-10-13,TETCO-STX,2.4145
2026-10-14,TETCO-STX,2.4145
2026-10-15,TETCO-STX,2.4145
2026-10-16,TETCO-STX,2.4145
2026-10-17,TETCO-STX,2.4145
2026-10-18,TETCO-STX,2.4145
2026-10-19,TETCO-STX,2.4145
2026-10-20,TETCO-STX,2.4145
2026-10-21,TETCO-STX,2.4145
2026-10-22,TETCO-STX,2.4145
2026-10-23,TETCO-STX,2.4145
2026-10-24,TETCO-STX,2.4145
2026-10-25,TETCO-STX,2.4145
2026-10-26,TETCO-STX,2.4145
2026-10-27,TETCO-STX,2.4145
2026-10-28,TETCO-STX,2.4145
2026-10-29,TETCO-STX,2.4145
2026-10-30,TETCO-STX,2.4145
2026-10-31,TETCO-STX,2.4145
2026-11-01,TETCO-STX,2.6355
2026-11-02,TETCO-STX,2.6355
2026-11-03,TETCO-STX,2.6355
2026-11-04,TETCO-STX,2.6355
2026-11-05,TETCO-STX,2.6355
2026-11-06,TETCO-STX,2.6355
2026-11-07,TETCO-STX,2.6355
2026-11-08,TETCO-STX,2.6355
2026-11-09,TETCO-STX,2.6355
2026-11-10,TETCO-STX,2.6355
2026-11-11,TETCO-STX,2.6355
2026-11-12,TETCO-STX,2.6355
2026-11-13,TETCO-STX,2.6355
2026-11-14,TETCO-STX,2.6355
2026-11-15,TETCO-STX,2.6355
2026-11-16,TETCO-STX,2.6355
2026-11-17,TETCO-STX,2.6355
2026-11-18,TETCO-STX,2.6355
2026-11-19,TETCO-STX,2.6355
2026-11-20,TETCO-STX,2.6355
2026-11-21,TETCO-STX,2.6355
2026-11-22,TETCO-STX,2.6355
2026-11-23,TETCO-STX,2.6355
2026-11-24,TETCO-STX,2.6355
2026-11-25,TETCO-STX,2.6355
2026-11-26,TETCO-STX,2.6355
2026-11-27,TETCO-STX,2.6355
2026-11-28,TETCO-STX,2.6355
2026-11-29,TETCO-STX,2.6355
2026-11-30,TETCO-STX,2.6355
2026-10-02,TETCO-WLA,2.765
2026-10-03,TETCO-WLA,2.725
2026-10-04,TETCO-WLA,2.725
2026-10-05,TETCO-WLA,2.725
2026-10-06,TETCO-WLA,2.8603
2026-10-07,TETCO-WLA,2.7645
2026-10-08,TETCO-WLA,2.7645
2026-10-09,TETCO-WLA,2.7645
2026-10-10,TETCO-WLA,2.7645
2026-10-11,TETCO-WLA,2.7645
2026-10-12,TETCO-WLA,2.7645
2026-10-13,TETCO-WLA,2.7645
2026-10-14,TETCO-WLA,2.7645
2026-10-15,TETCO-WLA,2.7645
2026-10-16,TETCO-WLA,2.7645
2026-10-17,TETCO-WLA,2.7645
2026-10-18,TETCO-WLA,2.7645
2026-10-19,TETCO-WLA,2.7645
2026-10-20,TETCO-WLA,2.7645
2026-10-21,TETCO-WLA,2.7645
2026-10-22,TETCO-WLA,2.7645
2026-10-23,TETCO-WLA,2.7645
2026-10-24,TETCO-WLA,2.7645
2026-10-25,TETCO-WLA,2.7645
2026-10-26,TETCO-WLA,2.7645
2026-10-27,TETCO-WLA,2.7645
2026-10-28,TETCO-WLA,2.7645
2026-10-29,TETCO-WLA,2.7645
2026-10-30,TETCO-WLA,2.7645
2026-10-31,TETCO-WLA,2.7645
2026-11-01,TETCO-WLA,2.965
2026-11-02,TETCO-WLA,2.965
2026-11-03,TETCO-WLA,2.965
2026-11-04,TETCO-WLA,2.965
2026-11-05,TETCO-WLA,2.965
2026-11-06,TETCO-WLA,2.965
2026-11-07,TETCO-WLA,2.965
2026-11-08,TETCO-WLA,2.965
2026-11-09,TETCO-WLA,2.965
2026-11-10,TETCO-WLA,2.965
2026-11-11,TETCO-WLA,2.965
2026-11-12,TETCO-WLA,2.965
2026-11-13,TETCO-WLA,2.965
2026-11-14,TETCO-WLA,2.965
2026-11-15,TETCO-WLA,2.965
2026-11-16,TETCO-WLA,2.965
2026-11-17,TETCO-WLA,2.965
2026-11-18,TETCO-WLA,2.965
2026-11-19,TETCO-WLA,2.965
2026-11-20,TETCO-WLA,2.965
2026-11-21,TETCO-WLA,2.965
2026-11-22,TETCO-WLA,2.965
2026-11-23,TETCO-WLA,2.965
2026-11-24,TETCO-WLA,2.965
2026-11-25,TETCO-WLA,2.965
2026-11-26,TETCO-WLA,2.965
2026-11-27,TETCO-WLA,2.965
2026-11-28,TETCO-WLA,2.965
2026-11-29,TETCO-WLA,2.965
2026-11-30,TETCO-WLA,2.965
2026-10-02,TGP-500L,3.94
2026-10-03,TGP-500L,3.585
2026-10-04,TGP-500L,3.585
2026-10-05,TGP-500L,3.585
2026-10-06,TGP-500L,3.7877
2026-10-07,TGP-500L,3.7075
2026-10-08,TGP-500L,3.7075
2026-10-09,TGP-500L,3.7075
2026-10-10,TGP-500L,3.7075
2026-10-11,TGP-500L,3.7075
2026-10-12,TGP-500L,3.7075
2026-10-13,TGP-500L,3.7075
2026-10-14,TGP-500L,3.7075
2026-10-15,TGP-500L,3.7075
2026-10-16,TGP-500L,3.7075
2026-10-17,TGP-500L,3.7075
2026-10-18,TGP-500L,3.7075
2026-10-19,TGP-500L,3.7075
2026-10-20,TGP-500L,3.7075
2026-10-21,TGP-500L,3.7075
2026-10-22,TGP-500L,3.7075
2026-10-23,TGP-500L,3.7075
2026-10-24,TGP-500L,3.7075
2026-10-25,TGP-500L,3.7075
2026-10-26,TGP-500L,3.7075
2026-10-27,TGP-500L,3.7075
2026-10-28,TGP-500L,3.7075
2026-10-29,TGP-500L,3.7075
2026-10-30,TGP-500L,3.7075
2026-10-31,TGP-500L,3.7075
2026-11-01,TGP-500L,3.8275
2026-11-02,TGP-500L,3.8275
2026-11-03,TGP-500L,3.8275
2026-11-04,TGP-500L,3.8275
2026-11-05,TGP-500L,3.8275
2026-11-06,TGP-500L,3.8275
2026-11-07,TGP-500L,3.8275
2026-11-08,TGP-500L,3.8275
2026-11-09,TGP-500L,3.8275
2026-11-10,TGP-500L,3.8275
2026-11-11,TGP-500L,3.8275
2026-11-12,TGP-500L,3.8275
2026-11-13,TGP-500L,3.8275
2026-11-14,TGP-500L,3.8275
2026-11-15,TGP-500L,3.8275
2026-11-16,TGP-500L,3.8275
2026-11-17,TGP-500L,3.8275
2026-11-18,TGP-500L,3.8275
2026-11-19,TGP-500L,3.8275
2026-11-20,TGP-500L,3.8275
2026-11-21,TGP-500L,3.8275
2026-11-22,TGP-500L,3.8275
2026-11-23,TGP-500L,3.8275
2026-11-24,TGP-500L,3.8275
2026-11-25,TGP-500L,3.8275
2026-11-26,TGP-500L,3.8275
2026-11-27,TGP-500L,3.8275
2026-11-28,TGP-500L,3.8275
2026-11-29,TGP-500L,3.8275
2026-11-30,TGP-500L,3.8275
2026-10-02,TGP-800L,2.635
2026-10-03,TGP-800L,2.575
2026-10-04,TGP-800L,2.575
2026-10-05,TGP-800L,2.575
2026-10-06,TGP-800L,2.7351
2026-10-07,TGP-800L,2.6295
2026-10-08,TGP-800L,2.6295
2026-10-09,TGP-800L,2.6295
2026-10-10,TGP-800L,2.6295
2026-10-11,TGP-800L,2.6295
2026-10-12,TGP-800L,2.6295
2026-10-13,TGP-800L,2.6295
2026-10-14,TGP-800L,2.6295
2026-10-15,TGP-800L,2.6295
2026-10-16,TGP-800L,2.6295
2026-10-17,TGP-800L,2.6295
2026-10-18,TGP-800L,2.6295
2026-10-19,TGP-800L,2.6295
2026-10-20,TGP-800L,2.6295
2026-10-21,TGP-800L,2.6295
2026-10-22,TGP-800L,2.6295
2026-10-23,TGP-800L,2.6295
2026-10-24,TGP-800L,2.6295
2026-10-25,TGP-800L,2.6295
2026-10-26,TGP-800L,2.6295
2026-10-27,TGP-800L,2.6295
2026-10-28,TGP-800L,2.6295
2026-10-29,TGP-800L,2.6295
2026-10-30,TGP-800L,2.6295
2026-10-31,TGP-800L,2.6295
2026-11-01,TGP-800L,2.815
2026-11-02,TGP-800L,2.815
2026-11-03,TGP-800L,2.815
2026-11-04,TGP-800L,2.815
2026-11-05,TGP-800L,2.815
2026-11-06,TGP-800L,2.815
2026-11-07,TGP-800L,2.815
2026-11-08,TGP-800L,2.815
2026-11-09,TGP-800L,2.815
2026-11-10,TGP-800L,2.815
2026-11-11,TGP-800L,2.815
2026-11-12,TGP-800L,2.815
2026-11-13,TGP-800L,2.815
2026-11-14,TGP-800L,2.815
2026-11-15,TGP-800L,2.815
2026-11-16,TGP-800L,2.815
2026-11-17,TGP-800L,2.815
2026-11-18,TGP-800L,2.815
2026-11-19,TGP-800L,2.815
2026-11-20,TGP-800L,2.815
2026-11-21,TGP-800L,2.815
2026-11-22,TGP-800L,2.815
2026-11-23,TGP-800L,2.815
2026-11-24,TGP-800L,2.815
2026-11-25,TGP-800L,2.815
2026-11-26,TGP-800L,2.815
2026-11-27,TGP-800L,2.815
2026-11-28,TGP-800L,2.815
2026-11-29,TGP-800L,2.815
2026-11-30,TGP-800L,2.815
2026-10-02,TGP-Z0,2.435
2026-10-03,TGP-Z0,2.405
2026-10-04,TGP-Z0,2.405
2026-10-05,TGP-Z0,2.405
2026-10-06,TGP-Z0,2.4138
2026-10-07,TGP-Z0,2.4615
2026-10-08,TGP-Z0,2.4615
2026-10-09,TGP-Z0,2.4615
2026-10-10,TGP-Z0,2.4615
2026-10-11,TGP-Z0,2.4615
2026-10-12,TGP-Z0,2.4615
2026-10-13,TGP-Z0,2.4615
2026-10-14,TGP-Z0,2.4615
2026-10-15,TGP-Z0,2.4615
2026-10-16,TGP-Z0,2.4615
2026-10-17,TGP-Z0,2.4615
2026-10-18,TGP-Z0,2.4615
2026-10-19,TGP-Z0,2.4615
2026-10-20,TGP-Z0,2.4615
2026-10-21,TGP-Z0,2.4615
2026-10-22,TGP-Z0,2.4615
2026-10-23,TGP-Z0,2.4615
2026-10-24,TGP-Z0,2.4615
2026-10-25,TGP-Z0,2.4615
2026-10-26,TGP-Z0,2.4615
2026-10-27,TGP-Z0,2.4615
2026-10-28,TGP-Z0,2.4615
2026-10-29,TGP-Z0,2.4615
2026-10-30,TGP-Z0,2.4615
2026-10-31,TGP-Z0,2.4615
2026-11-01,TGP-Z0,2.55
2026-11-02,TGP-Z0,2.55
2026-11-03,TGP-Z0,2.55
2026-11-04,TGP-Z0,2.55
2026-11-05,TGP-Z0,2.55
2026-11-06,TGP-Z0,2.55
2026-11-07,TGP-Z0,2.55
2026-11-08,TGP-Z0,2.55
2026-11-09,TGP-Z0,2.55
2026-11-10,TGP-Z0,2.55
2026-11-11,TGP-Z0,2.55
2026-11-12,TGP-Z0,2.55
2026-11-13,TGP-Z0,2.55
2026-11-14,TGP-Z0,2.55
2026-11-15,TGP-Z0,2.55
2026-11-16,TGP-Z0,2.55
2026-11-17,TGP-Z0,2.55
2026-11-18,TGP-Z0,2.55
2026-11-19,TGP-Z0,2.55
2026-11-20,TGP-Z0,2.55
2026-11-21,TGP-Z0,2.55
2026-11-22,TGP-Z0,2.55
2026-11-23,TGP-Z0,2.55
2026-11-24,TGP-Z0,2.55
2026-11-25,TGP-Z0,2.55
2026-11-26,TGP-Z0,2.55
2026-11-27,TGP-Z0,2.55
2026-11-28,TGP-Z0,2.55
2026-11-29,TGP-Z0,2.55
2026-11-30,TGP-Z0,2.55
2026-10-02,TGP-Z1,2.57
2026-10-03,TGP-Z1,2.465
2026-10-04,TGP-Z1,2.465
2026-10-05,TGP-Z1,2.465
2026-10-06,TGP-Z1,2.5154
2026-10-07,TGP-Z1,2.5525
2026-10-08,TGP-Z1,2.5525
2026-10-09,TGP-Z1,2.5525
2026-10-10,TGP-Z1,2.5525
2026-10-11,TGP-Z1,2.5525
2026-10-12,TGP-Z1,2.5525
2026-10-13,TGP-Z1,2.5525
2026-10-14,TGP-Z1,2.5525
2026-10-15,TGP-Z1,2.5525
2026-10-16,TGP-Z1,2.5525
2026-10-17,TGP-Z1,2.5525
2026-10-18,TGP-Z1,2.5525
2026-10-19,TGP-Z1,2.5525
2026-10-20,TGP-Z1,2.5525
2026-10-21,TGP-Z1,2.5525
2026-10-22,TGP-Z1,2.5525
2026-10-23,TGP-Z1,2.5525
2026-10-24,TGP-Z1,2.5525
2026-10-25,TGP-Z1,2.5525
2026-10-26,TGP-Z1,2.5525
2026-10-27,TGP-Z1,2.5525
2026-10-28,TGP-Z1,2.5525
2026-10-29,TGP-Z1,2.5525
2026-10-30,TGP-Z1,2.5525
2026-10-31,TGP-Z1,2.5525
2026-11-01,TGP-Z1,2.8855
2026-11-02,TGP-Z1,2.8855
2026-11-03,TGP-Z1,2.8855
2026-11-04,TGP-Z1,2.8855
2026-11-05,TGP-Z1,2.8855
2026-11-06,TGP-Z1,2.8855
2026-11-07,TGP-Z1,2.8855
2026-11-08,TGP-Z1,2.8855
2026-11-09,TGP-Z1,2.8855
2026-11-10,TGP-Z1,2.8855
2026-11-11,TGP-Z1,2.8855
2026-11-12,TGP-Z1,2.8855
2026-11-13,TGP-Z1,2.8855
2026-11-14,TGP-Z1,2.8855
2026-11-15,TGP-Z1,2.8855
2026-11-16,TGP-Z1,2.8855
2026-11-17,TGP-Z1,2.8855
2026-11-18,TGP-Z1,2.8855
2026-11-19,TGP-Z1,2.8855
2026-11-20,TGP-Z1,2.8855
2026-11-21,TGP-Z1,2.8855
2026-11-22,TGP-Z1,2.8855
2026-11-23,TGP-Z1,2.8855
2026-11-24,TGP-Z1,2.8855
2026-11-25,TGP-Z1,2.8855
2026-11-26,TGP-Z1,2.8855
2026-11-27,TGP-Z1,2.8855
2026-11-28,TGP-Z1,2.8855
2026-11-29,TGP-Z1,2.8855
2026-11-30,TGP-Z1,2.8855
2026-10-02,TGP-Z4 200L,1.145
2026-10-03,TGP-Z4 200L,0.92
2026-10-04,TGP-Z4 200L,0.92
2026-10-05,TGP-Z4 200L,0.92
2026-10-06,TGP-Z4 200L,1.1209
2026-10-07,TGP-Z4 200L,1.587
2026-10-08,TGP-Z4 200L,1.587
2026-10-09,TGP-Z4 200L,1.587
2026-10-10,TGP-Z4 200L,1.587
2026-10-11,TGP-Z4 200L,1.587
2026-10-12,TGP-Z4 200L,1.587
2026-10-13,TGP-Z4 200L,1.587
2026-10-14,TGP-Z4 200L,1.587
2026-10-15,TGP-Z4 200L,1.587
2026-10-16,TGP-Z4 200L,1.587
2026-10-17,TGP-Z4 200L,1.587
2026-10-18,TGP-Z4 200L,1.587
2026-10-19,TGP-Z4 200L,1.587
2026-10-20,TGP-Z4 200L,1.587
2026-10-21,TGP-Z4 200L,1.587
2026-10-22,TGP-Z4 200L,1.587
2026-10-23,TGP-Z4 200L,1.587
2026-10-24,TGP-Z4 200L,1.587
2026-10-25,TGP-Z4 200L,1.587
2026-10-26,TGP-Z4 200L,1.587
2026-10-27,TGP-Z4 200L,1.587
2026-10-28,TGP-Z4 200L,1.587
2026-10-29,TGP-Z4 200L,1.587
2026-10-30,TGP-Z4 200L,1.587
2026-10-31,TGP-Z4 200L,1.587
2026-11-01,TGP-Z4 200L,2.3875
2026-11-02,TGP-Z4 200L,2.3875
2026-11-03,TGP-Z4 200L,2.3875
2026-11-04,TGP-Z4 200L,2.3875
2026-11-05,TGP-Z4 200L,2.3875
2026-11-06,TGP-Z4 200L,2.3875
2026-11-07,TGP-Z4 200L,2.3875
2026-11-08,TGP-Z4 200L,2.3875
2026-11-09,TGP-Z4 200L,2.3875
2026-11-10,TGP-Z4 200L,2.3875
2026-11-11,TGP-Z4 200L,2.3875
2026-11-12,TGP-Z4 200L,2.3875
2026-11-13,TGP-Z4 200L,2.3875
2026-11-14,TGP-Z4 200L,2.3875
2026-11-15,TGP-Z4 200L,2.3875
2026-11-16,TGP-Z4 200L,2.3875
2026-11-17,TGP-Z4 200L,2.3875
2026-11-18,TGP-Z4 200L,2.3875
2026-11-19,TGP-Z4 200L,2.3875
2026-11-20,TGP-Z4 200L,2.3875
2026-11-21,TGP-Z4 200L,2.3875
2026-11-22,TGP-Z4 200L,2.3875
2026-11-23,TGP-Z4 200L,2.3875
2026-11-24,TGP-Z4 200L,2.3875
2026-11-25,TGP-Z4 200L,2.3875
2026-11-26,TGP-Z4 200L,2.3875
2026-11-27,TGP-Z4 200L,2.3875
2026-11-28,TGP-Z4 200L,2.3875
2026-11-29,TGP-Z4 200L,2.3875
2026-11-30,TGP-Z4 200L,2.3875
2026-10-02,TGP-Z4 300L,1.12
2026-10-03,TGP-Z4 300L,0.875
2026-10-04,TGP-Z4 300L,0.875
2026-10-05,TGP-Z4 300L,0.875
2026-10-06,TGP-Z4 300L,1.0443
2026-10-07,TGP-Z4 300L,1.271
2026-10-08,TGP-Z4 300L,1.271
2026-10-09,TGP-Z4 300L,1.271
2026-10-10,TGP-Z4 300L,1.271
2026-10-11,TGP-Z4 300L,1.271
2026-10-12,TGP-Z4 300L,1.271
2026-10-13,TGP-Z4 300L,1.271
2026-10-14,TGP-Z4 300L,1.271
2026-10-15,TGP-Z4 300L,1.271
2026-10-16,TGP-Z4 300L,1.271
2026-10-17,TGP-Z4 300L,1.271
2026-10-18,TGP-Z4 300L,1.271
2026-10-19,TGP-Z4 300L,1.271
2026-10-20,TGP-Z4 300L,1.271
2026-10-21,TGP-Z4 300L,1.271
2026-10-22,TGP-Z4 300L,1.271
2026-10-23,TGP-Z4 300L,1.271
2026-10-24,TGP-Z4 300L,1.271
2026-10-25,TGP-Z4 300L,1.271
2026-10-26,TGP-Z4 300L,1.271
2026-10-27,TGP-Z4 300L,1.271
2026-10-28,TGP-Z4 300L,1.271
2026-10-29,TGP-Z4 300L,1.271
2026-10-30,TGP-Z4 300L,1.271
2026-10-31,TGP-Z4 300L,1.271
2026-11-01,TGP-Z4 300L,2.205
2026-11-02,TGP-Z4 300L,2.205
2026-11-03,TGP-Z4 300L,2.205
2026-11-04,TGP-Z4 300L,2.205
2026-11-05,TGP-Z4 300L,2.205
2026-11-06,TGP-Z4 300L,2.205
2026-11-07,TGP-Z4 300L,2.205
2026-11-08,TGP-Z4 300L,2.205
2026-11-09,TGP-Z4 300L,2.205
2026-11-10,TGP-Z4 300L,2.205
2026-11-11,TGP-Z4 300L,2.205
2026-11-12,TGP-Z4 300L,2.205
2026-11-13,TGP-Z4 300L,2.205
2026-11-14,TGP-Z4 300L,2.205
2026-11-15,TGP-Z4 300L,2.205
2026-11-16,TGP-Z4 300L,2.205
2026-11-17,TGP-Z4 300L,2.205
2026-11-18,TGP-Z4 300L,2.205
2026-11-19,TGP-Z4 300L,2.205
2026-11-20,TGP-Z4 300L,2.205
2026-11-21,TGP-Z4 300L,2.205
2026-11-22,TGP-Z4 300L,2.205
2026-11-23,TGP-Z4 300L,2.205
2026-11-24,TGP-Z4 300L,2.205
2026-11-25,TGP-Z4 300L,2.205
2026-11-26,TGP-Z4 300L,2.205
2026-11-27,TGP-Z4 300L,2.205
2026-11-28,TGP-Z4 300L,2.205
2026-11-29,TGP-Z4 300L,2.205
2026-11-30,TGP-Z4 300L,2.205
2026-10-02,TGP-Z6 200L North,1.74
2026-10-03,TGP-Z6 200L North,1.125
2026-10-04,TGP-Z6 200L North,1.125
2026-10-05,TGP-Z6 200L North,1.125
2026-10-06,TGP-Z6 200L North,1.36
2026-10-07,TGP-Z6 200L North,1.8215
2026-10-08,TGP-Z6 200L North,1.8215
2026-10-09,TGP-Z6 200L North,1.8215
2026-10-10,TGP-Z6 200L North,1.8215
2026-10-11,TGP-Z6 200L North,1.8215
2026-10-12,TGP-Z6 200L North,1.8215
2026-10-13,TGP-Z6 200L North,1.8215
2026-10-14,TGP-Z6 200L North,1.8215
2026-10-15,TGP-Z6 200L North,1.8215
2026-10-16,TGP-Z6 200L North,1.8215
2026-10-17,TGP-Z6 200L North,1.8215
2026-10-18,TGP-Z6 200L North,1.8215
2026-10-19,TGP-Z6 200L North,1.8215
2026-10-20,TGP-Z6 200L North,1.8215
2026-10-21,TGP-Z6 200L North,1.8215
2026-10-22,TGP-Z6 200L North,1.8215
2026-10-23,TGP-Z6 200L North,1.8215
2026-10-24,TGP-Z6 200L North,1.8215
2026-10-25,TGP-Z6 200L North,1.8215
2026-10-26,TGP-Z6 200L North,1.8215
2026-10-27,TGP-Z6 200L North,1.8215
2026-10-28,TGP-Z6 200L North,1.8215
2026-10-29,TGP-Z6 200L North,1.8215
2026-10-30,TGP-Z6 200L North,1.8215
2026-10-31,TGP-Z6 200L North,1.8215
2026-11-01,TGP-Z6 200L North,3.73
2026-11-02,TGP-Z6 200L North,3.73
2026-11-03,TGP-Z6 200L North,3.73
2026-11-04,TGP-Z6 200L North,3.73
2026-11-05,TGP-Z6 200L North,3.73
2026-11-06,TGP-Z6 200L North,3.73
2026-11-07,TGP-Z6 200L North,3.73
2026-11-08,TGP-Z6 200L North,3.73
2026-11-09,TGP-Z6 200L North,3.73
2026-11-10,TGP-Z6 200L North,3.73
2026-11-11,TGP-Z6 200L North,3.73
2026-11-12,TGP-Z6 200L North,3.73
2026-11-13,TGP-Z6 200L North,3.73
2026-11-14,TGP-Z6 200L North,3.73
2026-11-15,TGP-Z6 200L North,3.73
2026-11-16,TGP-Z6 200L North,3.73
2026-11-17,TGP-Z6 200L North,3.73
2026-11-18,TGP-Z6 200L North,3.73
2026-11-19,TGP-Z6 200L North,3.73
2026-11-20,TGP-Z6 200L North,3.73
2026-11-21,TGP-Z6 200L North,3.73
2026-11-22,TGP-Z6 200L North,3.73
2026-11-23,TGP-Z6 200L North,3.73
2026-11-24,TGP-Z6 200L North,3.73
2026-11-25,TGP-Z6 200L North,3.73
2026-11-26,TGP-Z6 200L North,3.73
2026-11-27,TGP-Z6 200L North,3.73
2026-11-28,TGP-Z6 200L North,3.73
2026-11-29,TGP-Z6 200L North,3.73
2026-11-30,TGP-Z6 200L North,3.73
2026-10-02,TGP-Z6 200L South,1.305
2026-10-03,TGP-Z6 200L South,1.065
2026-10-04,TGP-Z6 200L South,1.065
2026-10-05,TGP-Z6 200L South,1.065
2026-10-06,TGP-Z6 200L South,1.16
2026-10-07,TGP-Z6 200L South,1.7215
2026-10-08,TGP-Z6 200L South,1.7215
2026-10-09,TGP-Z6 200L South,1.7215
2026-10-10,TGP-Z6 200L South,1.7215
2026-10-11,TGP-Z6 200L South,1.7215
2026-10-12,TGP-Z6 200L South,1.7215
2026-10-13,TGP-Z6 200L South,1.7215
2026-10-14,TGP-Z6 200L South,1.7215
2026-10-15,TGP-Z6 200L South,1.7215
2026-10-16,TGP-Z6 200L South,1.7215
2026-10-17,TGP-Z6 200L South,1.7215
2026-10-18,TGP-Z6 200L South,1.7215
2026-10-19,TGP-Z6 200L South,1.7215
2026-10-20,TGP-Z6 200L South,1.7215
2026-10-21,TGP-Z6 200L South,1.7215
2026-10-22,TGP-Z6 200L South,1.7215
2026-10-23,TGP-Z6 200L South,1.7215
2026-10-24,TGP-Z6 200L South,1.7215
2026-10-25,TGP-Z6 200L South,1.7215
2026-10-26,TGP-Z6 200L South,1.7215
2026-10-27,TGP-Z6 200L South,1.7215
2026-10-28,TGP-Z6 200L South,1.7215
2026-10-29,TGP-Z6 200L South,1.7215
2026-10-30,TGP-Z6 200L South,1.7215
2026-10-31,TGP-Z6 200L South,1.7215
2026-11-01,TGP-Z6 200L South,3.53
2026-11-02,TGP-Z6 200L South,3.53
2026-11-03,TGP-Z6 200L South,3.53
2026-11-04,TGP-Z6 200L South,3.53
2026-11-05,TGP-Z6 200L South,3.53
2026-11-06,TGP-Z6 200L South,3.53
2026-11-07,TGP-Z6 200L South,3.53
2026-11-08,TGP-Z6 200L South,3.53
2026-11-09,TGP-Z6 200L South,3.53
2026-11-10,TGP-Z6 200L South,3.53
2026-11-11,TGP-Z6 200L South,3.53
2026-11-12,TGP-Z6 200L South,3.53
2026-11-13,TGP-Z6 200L South,3.53
2026-11-14,TGP-Z6 200L South,3.53
2026-11-15,TGP-Z6 200L South,3.53
2026-11-16,TGP-Z6 200L South,3.53
2026-11-17,TGP-Z6 200L South,3.53
2026-11-18,TGP-Z6 200L South,3.53
2026-11-19,TGP-Z6 200L South,3.53
2026-11-20,TGP-Z6 200L South,3.53
2026-11-21,TGP-Z6 200L South,3.53
2026-11-22,TGP-Z6 200L South,3.53
2026-11-23,TGP-Z6 200L South,3.53
2026-11-24,TGP-Z6 200L South,3.53
2026-11-25,TGP-Z6 200L South,3.53
2026-11-26,TGP-Z6 200L South,3.53
2026-11-27,TGP-Z6 200L South,3.53
2026-11-28,TGP-Z6 200L South,3.53
2026-11-29,TGP-Z6 200L South,3.53
2026-11-30,TGP-Z6 200L South,3.53
2026-10-02,TGT (Zone 1),2.63
2026-10-03,TGT (Zone 1),2.575
2026-10-04,TGT (Zone 1),2.575
2026-10-05,TGT (Zone 1),2.575
2026-10-06,TGT (Zone 1),2.7127
2026-10-07,TGT (Zone 1),2.5935
2026-10-08,TGT (Zone 1),2.5935
2026-10-09,TGT (Zone 1),2.5935
2026-10-10,TGT (Zone 1),2.5935
2026-10-11,TGT (Zone 1),2.5935
2026-10-12,TGT (Zone 1),2.5935
2026-10-13,TGT (Zone 1),2.5935
2026-10-14,TGT (Zone 1),2.5935
2026-10-15,TGT (Zone 1),2.5935
2026-10-16,TGT (Zone 1),2.5935
2026-10-17,TGT (Zone 1),2.5935
2026-10-18,TGT (Zone 1),2.5935
2026-10-19,TGT (Zone 1),2.5935
2026-10-20,TGT (Zone 1),2.5935
2026-10-21,TGT (Zone 1),2.5935
2026-10-22,TGT (Zone 1),2.5935
2026-10-23,TGT (Zone 1),2.5935
2026-10-24,TGT (Zone 1),2.5935
2026-10-25,TGT (Zone 1),2.5935
2026-10-26,TGT (Zone 1),2.5935
2026-10-27,TGT (Zone 1),2.5935
2026-10-28,TGT (Zone 1),2.5935
2026-10-29,TGT (Zone 1),2.5935
2026-10-30,TGT (Zone 1),2.5935
2026-10-31,TGT (Zone 1),2.5935
2026-11-01,TGT (Zone 1),2.8625
2026-11-02,TGT (Zone 1),2.8625
2026-11-03,TGT (Zone 1),2.8625
2026-11-04,TGT (Zone 1),2.8625
2026-11-05,TGT (Zone 1),2.8625
2026-11-06,TGT (Zone 1),2.8625
2026-11-07,TGT (Zone 1),2.8625
2026-11-08,TGT (Zone 1),2.8625
2026-11-09,TGT (Zone 1),2.8625
2026-11-10,TGT (Zone 1),2.8625
2026-11-11,TGT (Zone 1),2.8625
2026-11-12,TGT (Zone 1),2.8625
2026-11-13,TGT (Zone 1),2.8625
2026-11-14,TGT (Zone 1),2.8625
2026-11-15,TGT (Zone 1),2.8625
2026-11-16,TGT (Zone 1),2.8625
2026-11-17,TGT (Zone 1),2.8625
2026-11-18,TGT (Zone 1),2.8625
2026-11-19,TGT (Zone 1),2.8625
2026-11-20,TGT (Zone 1),2.8625
2026-11-21,TGT (Zone 1),2.8625
2026-11-22,TGT (Zone 1),2.8625
2026-11-23,TGT (Zone 1),2.8625
2026-11-24,TGT (Zone 1),2.8625
2026-11-25,TGT (Zone 1),2.8625
2026-11-26,TGT (Zone 1),2.8625
2026-11-27,TGT (Zone 1),2.8625
2026-11-28,TGT (Zone 1),2.8625
2026-11-29,TGT (Zone 1),2.8625
2026-11-30,TGT (Zone 1),2.8625
2026-10-02,Transco-165,1.205
2026-10-03,Transco-165,0.88
2026-10-04,Transco-165,0.88
2026-10-05,Transco-165,0.88
2026-10-06,Transco-165,1.0429
2026-10-07,Transco-165,1.4625
2026-10-08,Transco-165,1.4625
2026-10-09,Transco-165,1.4625
2026-10-10,Transco-165,1.4625
2026-10-11,Transco-165,1.4625
2026-10-12,Transco-165,1.4625
2026-10-13,Transco-165,1.4625
2026-10-14,Transco-165,1.4625
2026-10-15,Transco-165,1.4625
2026-10-16,Transco-165,1.4625
2026-10-17,Transco-165,1.4625
2026-10-18,Transco-165,1.4625
2026-10-19,Transco-165,1.4625
2026-10-20,Transco-165,1.4625
2026-10-21,Transco-165,1.4625
2026-10-22,Transco-165,1.4625
2026-10-23,Transco-165,1.4625
2026-10-24,Transco-165,1.4625
2026-10-25,Transco-165,1.4625
2026-10-26,Transco-165,1.4625
2026-10-27,Transco-165,1.4625
2026-10-28,Transco-165,1.4625
2026-10-29,Transco-165,1.4625
2026-10-30,Transco-165,1.4625
2026-10-31,Transco-165,1.4625
2026-11-01,Transco-165,2.465
2026-11-02,Transco-165,2.465
2026-11-03,Transco-165,2.465
2026-11-04,Transco-165,2.465
2026-11-05,Transco-165,2.465
2026-11-06,Transco-165,2.465
2026-11-07,Transco-165,2.465
2026-11-08,Transco-165,2.465
2026-11-09,Transco-165,2.465
2026-11-10,Transco-165,2.465
2026-11-11,Transco-165,2.465
2026-11-12,Transco-165,2.465
2026-11-13,Transco-165,2.465
2026-11-14,Transco-165,2.465
2026-11-15,Transco-165,2.465
2026-11-16,Transco-165,2.465
2026-11-17,Transco-165,2.465
2026-11-18,Transco-165,2.465
2026-11-19,Transco-165,2.465
2026-11-20,Transco-165,2.465
2026-11-21,Transco-165,2.465
2026-11-22,Transco-165,2.465
2026-11-23,Transco-165,2.465
2026-11-24,Transco-165,2.465
2026-11-25,Transco-165,2.465
2026-11-26,Transco-165,2.465
2026-11-27,Transco-165,2.465
2026-11-28,Transco-165,2.465
2026-11-29,Transco-165,2.465
2026-11-30,Transco-165,2.465
2026-10-02,Transco-30,2.445
2026-10-03,Transco-30,2.435
2026-10-04,Transco-30,2.435
2026-10-05,Transco-30,2.435
2026-10-06,Transco-30,2.4484
2026-10-07,Transco-30,2.4745
2026-10-08,Transco-30,2.4745
2026-10-09,Transco-30,2.4745
2026-10-10,Transco-30,2.4745
2026-10-11,Transco-30,2.4745
2026-10-12,Transco-30,2.4745
2026-10-13,Transco-30,2.4745
2026-10-14,Transco-30,2.4745
2026-10-15,Transco-30,2.4745
2026-10-16,Transco-30,2.4745
2026-10-17,Transco-30,2.4745
2026-10-18,Transco-30,2.4745
2026-10-19,Transco-30,2.4745
2026-10-20,Transco-30,2.4745
2026-10-21,Transco-30,2.4745
2026-10-22,Transco-30,2.4745
2026-10-23,Transco-30,2.4745
2026-10-24,Transco-30,2.4745
2026-10-25,Transco-30,2.4745
2026-10-26,Transco-30,2.4745
2026-10-27,Transco-30,2.4745
2026-10-28,Transco-30,2.4745
2026-10-29,Transco-30,2.4745
2026-10-30,Transco-30,2.4745
2026-10-31,Transco-30,2.4745
2026-11-01,Transco-30,2.495
2026-11-02,Transco-30,2.495
2026-11-03,Transco-30,2.495
2026-11-04,Transco-30,2.495
2026-11-05,Transco-30,2.495
2026-11-06,Transco-30,2.495
2026-11-07,Transco-30,2.495
2026-11-08,Transco-30,2.495
2026-11-09,Transco-30,2.495
2026-11-10,Transco-30,2.495
2026-11-11,Transco-30,2.495
2026-11-12,Transco-30,2.495
2026-11-13,Transco-30,2.495
2026-11-14,Transco-30,2.495
2026-11-15,Transco-30,2.495
2026-11-16,Transco-30,2.495
2026-11-17,Transco-30,2.495
2026-11-18,Transco-30,2.495
2026-11-19,Transco-30,2.495
2026-11-20,Transco-30,2.495
2026-11-21,Transco-30,2.495
2026-11-22,Transco-30,2.495
2026-11-23,Transco-30,2.495
2026-11-24,Transco-30,2.495
2026-11-25,Transco-30,2.495
2026-11-26,Transco-30,2.495
2026-11-27,Transco-30,2.495
2026-11-28,Transco-30,2.495
2026-11-29,Transco-30,2.495
2026-11-30,Transco-30,2.495
2026-10-02,Transco-45,2.695
2026-10-03,Transco-45,2.625
2026-10-04,Transco-45,2.625
2026-10-05,Transco-45,2.625
2026-10-06,Transco-45,2.9084
2026-10-07,Transco-45,2.648
2026-10-08,Transco-45,2.648
2026-10-09,Transco-45,2.648
2026-10-10,Transco-45,2.648
2026-10-11,Transco-45,2.648
2026-10-12,Transco-45,2.648
2026-10-13,Transco-45,2.648
2026-10-14,Transco-45,2.648
2026-10-15,Transco-45,2.648
2026-10-16,Transco-45,2.648
2026-10-17,Transco-45,2.648
2026-10-18,Transco-45,2.648
2026-10-19,Transco-45,2.648
2026-10-20,Transco-45,2.648
2026-10-21,Transco-45,2.648
2026-10-22,Transco-45,2.648
2026-10-23,Transco-45,2.648
2026-10-24,Transco-45,2.648
2026-10-25,Transco-45,2.648
2026-10-26,Transco-45,2.648
2026-10-27,Transco-45,2.648
2026-10-28,Transco-45,2.648
2026-10-29,Transco-45,2.648
2026-10-30,Transco-45,2.648
2026-10-31,Transco-45,2.648
2026-11-01,Transco-45,2.756
2026-11-02,Transco-45,2.756
2026-11-03,Transco-45,2.756
2026-11-04,Transco-45,2.756
2026-11-05,Transco-45,2.756
2026-11-06,Transco-45,2.756
2026-11-07,Transco-45,2.756
2026-11-08,Transco-45,2.756
2026-11-09,Transco-45,2.756
2026-11-10,Transco-45,2.756
2026-11-11,Transco-45,2.756
2026-11-12,Transco-45,2.756
2026-11-13,Transco-45,2.756
2026-11-14,Transco-45,2.756
2026-11-15,Transco-45,2.756
2026-11-16,Transco-45,2.756
2026-11-17,Transco-45,2.756
2026-11-18,Transco-45,2.756
2026-11-19,Transco-45,2.756
2026-11-20,Transco-45,2.756
2026-11-21,Transco-45,2.756
2026-11-22,Transco-45,2.756
2026-11-23,Transco-45,2.756
2026-11-24,Transco-45,2.756
2026-11-25,Transco-45,2.756
2026-11-26,Transco-45,2.756
2026-11-27,Transco-45,2.756
2026-11-28,Transco-45,2.756
2026-11-29,Transco-45,2.756
2026-11-30,Transco-45,2.756
2026-10-02,Transco-65,3.92
2026-10-03,Transco-65,3.505
2026-10-04,Transco-65,3.505
2026-10-05,Transco-65,3.505
2026-10-06,Transco-65,3.7839
2026-10-07,Transco-65,3.7885
2026-10-08,Transco-65,3.7885
2026-10-09,Transco-65,3.7885
2026-10-10,Transco-65,3.7885
2026-10-11,Transco-65,3.7885
2026-10-12,Transco-65,3.7885
2026-10-13,Transco-65,3.7885
2026-10-14,Transco-65,3.7885
2026-10-15,Transco-65,3.7885
2026-10-16,Transco-65,3.7885
2026-10-17,Transco-65,3.7885
2026-10-18,Transco-65,3.7885
2026-10-19,Transco-65,3.7885
2026-10-20,Transco-65,3.7885
2026-10-21,Transco-65,3.7885
2026-10-22,Transco-65,3.7885
2026-10-23,Transco-65,3.7885
2026-10-24,Transco-65,3.7885
2026-10-25,Transco-65,3.7885
2026-10-26,Transco-65,3.7885
2026-10-27,Transco-65,3.7885
2026-10-28,Transco-65,3.7885
2026-10-29,Transco-65,3.7885
2026-10-30,Transco-65,3.7885
2026-10-31,Transco-65,3.7885
2026-11-01,Transco-65,3.5485
2026-11-02,Transco-65,3.5485
2026-11-03,Transco-65,3.5485
2026-11-04,Transco-65,3.5485
2026-11-05,Transco-65,3.5485
2026-11-06,Transco-65,3.5485
2026-11-07,Transco-65,3.5485
2026-11-08,Transco-65,3.5485
2026-11-09,Transco-65,3.5485
2026-11-10,Transco-65,3.5485
2026-11-11,Transco-65,3.5485
2026-11-12,Transco-65,3.5485
2026-11-13,Transco-65,3.5485
2026-11-14,Transco-65,3.5485
2026-11-15,Transco-65,3.5485
2026-11-16,Transco-65,3.5485
2026-11-17,Transco-65,3.5485
2026-11-18,Transco-65,3.5485
2026-11-19,Transco-65,3.5485
2026-11-20,Transco-65,3.5485
2026-11-21,Transco-65,3.5485
2026-11-22,Transco-65,3.5485
2026-11-23,Transco-65,3.5485
2026-11-24,Transco-65,3.5485
2026-11-25,Transco-65,3.5485
2026-11-26,Transco-65,3.5485
2026-11-27,Transco-65,3.5485
2026-11-28,Transco-65,3.5485
2026-11-29,Transco-65,3.5485
2026-11-30,Transco-65,3.5485
2026-10-02,Transco-85,3.96
2026-10-03,Transco-85,3.565
2026-10-04,Transco-85,3.565
2026-10-05,Transco-85,3.565
2026-10-06,Transco-85,3.7862
2026-10-07,Transco-85,3.8135
2026-10-08,Transco-85,3.8135
2026-10-09,Transco-85,3.8135
2026-10-10,Transco-85,3.8135
2026-10-11,Transco-85,3.8135
2026-10-12,Transco-85,3.8135
2026-10-13,Transco-85,3.8135
2026-10-14,Transco-85,3.8135
2026-10-15,Transco-85,3.8135
2026-10-16,Transco-85,3.8135
2026-10-17,Transco-85,3.8135
2026-10-18,Transco-85,3.8135
2026-10-19,Transco-85,3.8135
2026-10-20,Transco-85,3.8135
2026-10-21,Transco-85,3.8135
2026-10-22,Transco-85,3.8135
2026-10-23,Transco-85,3.8135
2026-10-24,Transco-85,3.8135
2026-10-25,Transco-85,3.8135
2026-10-26,Transco-85,3.8135
2026-10-27,Transco-85,3.8135
2026-10-28,Transco-85,3.8135
2026-10-29,Transco-85,3.8135
2026-10-30,Transco-85,3.8135
2026-10-31,Transco-85,3.8135
2026-11-01,Transco-85,3.7705
2026-11-02,Transco-85,3.7705
2026-11-03,Transco-85,3.7705
2026-11-04,Transco-85,3.7705
2026-11-05,Transco-85,3.7705
2026-11-06,Transco-85,3.7705
2026-11-07,Transco-85,3.7705
2026-11-08,Transco-85,3.7705
2026-11-09,Transco-85,3.7705
2026-11-10,Transco-85,3.7705
2026-11-11,Transco-85,3.7705
2026-11-12,Transco-85,3.7705
2026-11-13,Transco-85,3.7705
2026-11-14,Transco-85,3.7705
2026-11-15,Transco-85,3.7705
2026-11-16,Transco-85,3.7705
2026-11-17,Transco-85,3.7705
2026-11-18,Transco-85,3.7705
2026-11-19,Transco-85,3.7705
2026-11-20,Transco-85,3.7705
2026-11-21,Transco-85,3.7705
2026-11-22,Transco-85,3.7705
2026-11-23,Transco-85,3.7705
2026-11-24,Transco-85,3.7705
2026-11-25,Transco-85,3.7705
2026-11-26,Transco-85,3.7705
2026-11-27,Transco-85,3.7705
2026-11-28,Transco-85,3.7705
2026-11-29,Transco-85,3.7705
2026-11-30,Transco-85,3.7705
2026-10-02,Transco-Leidy,1.175
2026-10-03,Transco-Leidy,0.87
2026-10-04,Transco-Leidy,0.87
2026-10-05,Transco-Leidy,0.87
2026-10-06,Transco-Leidy,1.1
2026-10-07,Transco-Leidy,1.407
2026-10-08,Transco-Leidy,1.407
2026-10-09,Transco-Leidy,1.407
2026-10-10,Transco-Leidy,1.407
2026-10-11,Transco-Leidy,1.407
2026-10-12,Transco-Leidy,1.407
2026-10-13,Transco-Leidy,1.407
2026-10-14,Transco-Leidy,1.407
2026-10-15,Transco-Leidy,1.407
2026-10-16,Transco-Leidy,1.407
2026-10-17,Transco-Leidy,1.407
2026-10-18,Transco-Leidy,1.407
2026-10-19,Transco-Leidy,1.407
2026-10-20,Transco-Leidy,1.407
2026-10-21,Transco-Leidy,1.407
2026-10-22,Transco-Leidy,1.407
2026-10-23,Transco-Leidy,1.407
2026-10-24,Transco-Leidy,1.407
2026-10-25,Transco-Leidy,1.407
2026-10-26,Transco-Leidy,1.407
2026-10-27,Transco-Leidy,1.407
2026-10-28,Transco-Leidy,1.407
2026-10-29,Transco-Leidy,1.407
2026-10-30,Transco-Leidy,1.407
2026-10-31,Transco-Leidy,1.407
2026-11-01,Transco-Leidy,2.2875
2026-11-02,Transco-Leidy,2.2875
2026-11-03,Transco-Leidy,2.2875
2026-11-04,Transco-Leidy,2.2875
2026-11-05,Transco-Leidy,2.2875
2026-11-06,Transco-Leidy,2.2875
2026-11-07,Transco-Leidy,2.2875
2026-11-08,Transco-Leidy,2.2875
2026-11-09,Transco-Leidy,2.2875
2026-11-10,Transco-Leidy,2.2875
2026-11-11,Transco-Leidy,2.2875
2026-11-12,Transco-Leidy,2.2875
2026-11-13,Transco-Leidy,2.2875
2026-11-14,Transco-Leidy,2.2875
2026-11-15,Transco-Leidy,2.2875
2026-11-16,Transco-Leidy,2.2875
2026-11-17,Transco-Leidy,2.2875
2026-11-18,Transco-Leidy,2.2875
2026-11-19,Transco-Leidy,2.2875
2026-11-20,Transco-Leidy,2.2875
2026-11-21,Transco-Leidy,2.2875
2026-11-22,Transco-Leidy,2.2875
2026-11-23,Transco-Leidy,2.2875
2026-11-24,Transco-Leidy,2.2875
2026-11-25,Transco-Leidy,2.2875
2026-11-26,Transco-Leidy,2.2875
2026-11-27,Transco-Leidy,2.2875
2026-11-28,Transco-Leidy,2.2875
2026-11-29,Transco-Leidy,2.2875
2026-11-30,Transco-Leidy,2.2875
2026-10-02,Transco-Z3,3.305
2026-10-03,Transco-Z3,3.18
2026-10-04,Transco-Z3,3.18
2026-10-05,Transco-Z3,3.18
2026-10-06,Transco-Z3,3.7862
2026-10-07,Transco-Z3,3.183
2026-10-08,Transco-Z3,3.183
2026-10-09,Transco-Z3,3.183
2026-10-10,Transco-Z3,3.183
2026-10-11,Transco-Z3,3.183
2026-10-12,Transco-Z3,3.183
2026-10-13,Transco-Z3,3.183
2026-10-14,Transco-Z3,3.183
2026-10-15,Transco-Z3,3.183
2026-10-16,Transco-Z3,3.183
2026-10-17,Transco-Z3,3.183
2026-10-18,Transco-Z3,3.183
2026-10-19,Transco-Z3,3.183
2026-10-20,Transco-Z3,3.183
2026-10-21,Transco-Z3,3.183
2026-10-22,Transco-Z3,3.183
2026-10-23,Transco-Z3,3.183
2026-10-24,Transco-Z3,3.183
2026-10-25,Transco-Z3,3.183
2026-10-26,Transco-Z3,3.183
2026-10-27,Transco-Z3,3.183
2026-10-28,Transco-Z3,3.183
2026-10-29,Transco-Z3,3.183
2026-10-30,Transco-Z3,3.183
2026-10-31,Transco-Z3,3.183
2026-11-01,Transco-Z3,3.2875
2026-11-02,Transco-Z3,3.2875
2026-11-03,Transco-Z3,3.2875
2026-11-04,Transco-Z3,3.2875
2026-11-05,Transco-Z3,3.2875
2026-11-06,Transco-Z3,3.2875
2026-11-07,Transco-Z3,3.2875
2026-11-08,Transco-Z3,3.2875
2026-11-09,Transco-Z3,3.2875
2026-11-10,Transco-Z3,3.2875
2026-11-11,Transco-Z3,3.2875
2026-11-12,Transco-Z3,3.2875
2026-11-13,Transco-Z3,3.2875
2026-11-14,Transco-Z3,3.2875
2026-11-15,Transco-Z3,3.2875
2026-11-16,Transco-Z3,3.2875
2026-11-17,Transco-Z3,3.2875
2026-11-18,Transco-Z3,3.2875
2026-11-19,Transco-Z3,3.2875
2026-11-20,Transco-Z3,3.2875
2026-11-21,Transco-Z3,3.2875
2026-11-22,Transco-Z3,3.2875
2026-11-23,Transco-Z3,3.2875
2026-11-24,Transco-Z3,3.2875
2026-11-25,Transco-Z3,3.2875
2026-11-26,Transco-Z3,3.2875
2026-11-27,Transco-Z3,3.2875
2026-11-28,Transco-Z3,3.2875
2026-11-29,Transco-Z3,3.2875
2026-11-30,Transco-Z3,3.2875
2026-10-02,Transco-Z5,3.77
2026-10-03,Transco-Z5,2.74
2026-10-04,Transco-Z5,2.74
2026-10-05,Transco-Z5,2.74
2026-10-06,Transco-Z5,3.8143
2026-10-07,Transco-Z5,2.496
2026-10-08,Transco-Z5,2.496
2026-10-09,Transco-Z5,2.496
2026-10-10,Transco-Z5,2.496
2026-10-11,Transco-Z5,2.496
2026-10-12,Transco-Z5,2.496
2026-10-13,Transco-Z5,2.496
2026-10-14,Transco-Z5,2.496
2026-10-15,Transco-Z5,2.496
2026-10-16,Transco-Z5,2.496
2026-10-17,Transco-Z5,2.496
2026-10-18,Transco-Z5,2.496
2026-10-19,Transco-Z5,2.496
2026-10-20,Transco-Z5,2.496
2026-10-21,Transco-Z5,2.496
2026-10-22,Transco-Z5,2.496
2026-10-23,Transco-Z5,2.496
2026-10-24,Transco-Z5,2.496
2026-10-25,Transco-Z5,2.496
2026-10-26,Transco-Z5,2.496
2026-10-27,Transco-Z5,2.496
2026-10-28,Transco-Z5,2.496
2026-10-29,Transco-Z5,2.496
2026-10-30,Transco-Z5,2.496
2026-10-31,Transco-Z5,2.496
2026-11-01,Transco-Z5,3.0275
2026-11-02,Transco-Z5,3.0275
2026-11-03,Transco-Z5,3.0275
2026-11-04,Transco-Z5,3.0275
2026-11-05,Transco-Z5,3.0275
2026-11-06,Transco-Z5,3.0275
2026-11-07,Transco-Z5,3.0275
2026-11-08,Transco-Z5,3.0275
2026-11-09,Transco-Z5,3.0275
2026-11-10,Transco-Z5,3.0275
2026-11-11,Transco-Z5,3.0275
2026-11-12,Transco-Z5,3.0275
2026-11-13,Transco-Z5,3.0275
2026-11-14,Transco-Z5,3.0275
2026-11-15,Transco-Z5,3.0275
2026-11-16,Transco-Z5,3.0275
2026-11-17,Transco-Z5,3.0275
2026-11-18,Transco-Z5,3.0275
2026-11-19,Transco-Z5,3.0275
2026-11-20,Transco-Z5,3.0275
2026-11-21,Transco-Z5,3.0275
2026-11-22,Transco-Z5,3.0275
2026-11-23,Transco-Z5,3.0275
2026-11-24,Transco-Z5,3.0275
2026-11-25,Transco-Z5,3.0275
2026-11-26,Transco-Z5,3.0275
2026-11-27,Transco-Z5,3.0275
2026-11-28,Transco-Z5,3.0275
2026-11-29,Transco-Z5,3.0275
2026-11-30,Transco-Z5,3.0275
2026-10-02,Transco-Z5 South,4.04
2026-10-03,Transco-Z5 South,3.565
2026-10-04,Transco-Z5 South,3.565
2026-10-05,Transco-Z5 South,3.565
2026-10-06,Transco-Z5 South,3.8143
2026-10-07,Transco-Z5 South,3.7085
2026-10-08,Transco-Z5 South,3.7085
2026-10-09,Transco-Z5 South,3.7085
2026-10-10,Transco-Z5 South,3.7085
2026-10-11,Transco-Z5 South,3.7085
2026-10-12,Transco-Z5 South,3.7085
2026-10-13,Transco-Z5 South,3.7085
2026-10-14,Transco-Z5 South,3.7085
2026-10-15,Transco-Z5 South,3.7085
2026-10-16,Transco-Z5 South,3.7085
2026-10-17,Transco-Z5 South,3.7085
2026-10-18,Transco-Z5 South,3.7085
2026-10-19,Transco-Z5 South,3.7085
2026-10-20,Transco-Z5 South,3.7085
2026-10-21,Transco-Z5 South,3.7085
2026-10-22,Transco-Z5 South,3.7085
2026-10-23,Transco-Z5 South,3.7085
2026-10-24,Transco-Z5 South,3.7085
2026-10-25,Transco-Z5 South,3.7085
2026-10-26,Transco-Z5 South,3.7085
2026-10-27,Transco-Z5 South,3.7085
2026-10-28,Transco-Z5 South,3.7085
2026-10-29,Transco-Z5 South,3.7085
2026-10-30,Transco-Z5 South,3.7085
2026-10-31,Transco-Z5 South,3.7085
2026-11-01,Transco-Z5 South,3.9005
2026-11-02,Transco-Z5 South,3.9005
2026-11-03,Transco-Z5 South,3.9005
2026-11-04,Transco-Z5 South,3.9005
2026-11-05,Transco-Z5 South,3.9005
2026-11-06,Transco-Z5 South,3.9005
2026-11-07,Transco-Z5 South,3.9005
2026-11-08,Transco-Z5 South,3.9005
2026-11-09,Transco-Z5 South,3.9005
2026-11-10,Transco-Z5 South,3.9005
2026-11-11,Transco-Z5 South,3.9005
2026-11-12,Transco-Z5 South,3.9005
2026-11-13,Transco-Z5 South,3.9005
2026-11-14,Transco-Z5 South,3.9005
2026-11-15,Transco-Z5 South,3.9005
2026-11-16,Transco-Z5 South,3.9005
2026-11-17,Transco-Z5 South,3.9005
2026-11-18,Transco-Z5 South,3.9005
2026-11-19,Transco-Z5 South,3.9005
2026-11-20,Transco-Z5 South,3.9005
2026-11-21,Transco-Z5 South,3.9005
2026-11-22,Transco-Z5 South,3.9005
2026-11-23,Transco-Z5 South,3.9005
2026-11-24,Transco-Z5 South,3.9005
2026-11-25,Transco-Z5 South,3.9005
2026-11-26,Transco-Z5 South,3.9005
2026-11-27,Transco-Z5 South,3.9005
2026-11-28,Transco-Z5 South,3.9005
2026-11-29,Transco-Z5 South,3.9005
2026-11-30,Transco-Z5 South,3.9005
2026-10-02,Transco-Z6  (non-NY),1.24
2026-10-03,Transco-Z6  (non-NY),0.865
2026-10-04,Transco-Z6  (non-NY),0.865
2026-10-05,Transco-Z6  (non-NY),0.865
2026-10-06,Transco-Z6  (non-NY),0.9929
2026-10-07,Transco-Z6  (non-NY),1.378
2026-10-08,Transco-Z6  (non-NY),1.378
2026-10-09,Transco-Z6  (non-NY),1.378
2026-10-10,Transco-Z6  (non-NY),1.378
2026-10-11,Transco-Z6  (non-NY),1.378
2026-10-12,Transco-Z6  (non-NY),1.378
2026-10-13,Transco-Z6  (non-NY),1.378
2026-10-14,Transco-Z6  (non-NY),1.378
2026-10-15,Transco-Z6  (non-NY),1.378
2026-10-16,Transco-Z6  (non-NY),1.378
2026-10-17,Transco-Z6  (non-NY),1.378
2026-10-18,Transco-Z6  (non-NY),1.378
2026-10-19,Transco-Z6  (non-NY),1.378
2026-10-20,Transco-Z6  (non-NY),1.378
2026-10-21,Transco-Z6  (non-NY),1.378
2026-10-22,Transco-Z6  (non-NY),1.378
2026-10-23,Transco-Z6  (non-NY),1.378
2026-10-24,Transco-Z6  (non-NY),1.378
2026-10-25,Transco-Z6  (non-NY),1.378
2026-10-26,Transco-Z6  (non-NY),1.378
2026-10-27,Transco-Z6  (non-NY),1.378
2026-10-28,Transco-Z6  (non-NY),1.378
2026-10-29,Transco-Z6  (non-NY),1.378
2026-10-30,Transco-Z6  (non-NY),1.378
2026-10-31,Transco-Z6  (non-NY),1.378
2026-11-01,Transco-Z6  (non-NY),2.3525
2026-11-02,Transco-Z6  (non-NY),2.3525
2026-11-03,Transco-Z6  (non-NY),2.3525
2026-11-04,Transco-Z6  (non-NY),2.3525
2026-11-05,Transco-Z6  (non-NY),2.3525
2026-11-06,Transco-Z6  (non-NY),2.3525
2026-11-07,Transco-Z6  (non-NY),2.3525
2026-11-08,Transco-Z6  (non-NY),2.3525
2026-11-09,Transco-Z6  (non-NY),2.3525
2026-11-10,Transco-Z6  (non-NY),2.3525
2026-11-11,Transco-Z6  (non-NY),2.3525
2026-11-12,Transco-Z6  (non-NY),2.3525
2026-11-13,Transco-Z6  (non-NY),2.3525
2026-11-14,Transco-Z6  (non-NY),2.3525
2026-11-15,Transco-Z6  (non-NY),2.3525
2026-11-16,Transco-Z6  (non-NY),2.3525
2026-11-17,Transco-Z6  (non-NY),2.3525
2026-11-18,Transco-Z6  (non-NY),2.3525
2026-11-19,Transco-Z6  (non-NY),2.3525
2026-11-20,Transco-Z6  (non-NY),2.3525
2026-11-21,Transco-Z6  (non-NY),2.3525
2026-11-22,Transco-Z6  (non-NY),2.3525
2026-11-23,Transco-Z6  (non-NY),2.3525
2026-11-24,Transco-Z6  (non-NY),2.3525
2026-11-25,Transco-Z6  (non-NY),2.3525
2026-11-26,Transco-Z6  (non-NY),2.3525
2026-11-27,Transco-Z6  (non-NY),2.3525
2026-11-28,Transco-Z6  (non-NY),2.3525
2026-11-29,Transco-Z6  (non-NY),2.3525
2026-11-30,Transco-Z6  (non-NY),2.3525
2026-10-02,Transco-Z6 (NY),1.315
2026-10-03,Transco-Z6 (NY),0.96
2026-10-04,Transco-Z6 (NY),0.96
2026-10-05,Transco-Z6 (NY),0.96
2026-10-06,Transco-Z6 (NY),1.1833
2026-10-07,Transco-Z6 (NY),1.408
2026-10-08,Transco-Z6 (NY),1.408
2026-10-09,Transco-Z6 (NY),1.408
2026-10-10,Transco-Z6 (NY),1.408
2026-10-11,Transco-Z6 (NY),1.408
2026-10-12,Transco-Z6 (NY),1.408
2026-10-13,Transco-Z6 (NY),1.408
2026-10-14,Transco-Z6 (NY),1.408
2026-10-15,Transco-Z6 (NY),1.408
2026-10-16,Transco-Z6 (NY),1.408
2026-10-17,Transco-Z6 (NY),1.408
2026-10-18,Transco-Z6 (NY),1.408
2026-10-19,Transco-Z6 (NY),1.408
2026-10-20,Transco-Z6 (NY),1.408
2026-10-21,Transco-Z6 (NY),1.408
2026-10-22,Transco-Z6 (NY),1.408
2026-10-23,Transco-Z6 (NY),1.408
2026-10-24,Transco-Z6 (NY),1.408
2026-10-25,Transco-Z6 (NY),1.408
2026-10-26,Transco-Z6 (NY),1.408
2026-10-27,Transco-Z6 (NY),1.408
2026-10-28,Transco-Z6 (NY),1.408
2026-10-29,Transco-Z6 (NY),1.408
2026-10-30,Transco-Z6 (NY),1.408
2026-10-31,Transco-Z6 (NY),1.408
2026-11-01,Transco-Z6 (NY),2.538
2026-11-02,Transco-Z6 (NY),2.538
2026-11-03,Transco-Z6 (NY),2.538
2026-11-04,Transco-Z6 (NY),2.538
2026-11-05,Transco-Z6 (NY),2.538
2026-11-06,Transco-Z6 (NY),2.538
2026-11-07,Transco-Z6 (NY),2.538
2026-11-08,Transco-Z6 (NY),2.538
2026-11-09,Transco-Z6 (NY),2.538
2026-11-10,Transco-Z6 (NY),2.538
2026-11-11,Transco-Z6 (NY),2.538
2026-11-12,Transco-Z6 (NY),2.538
2026-11-13,Transco-Z6 (NY),2.538
2026-11-14,Transco-Z6 (NY),2.538
2026-11-15,Transco-Z6 (NY),2.538
2026-11-16,Transco-Z6 (NY),2.538
2026-11-17,Transco-Z6 (NY),2.538
2026-11-18,Transco-Z6 (NY),2.538
2026-11-19,Transco-Z6 (NY),2.538
2026-11-20,Transco-Z6 (NY),2.538
2026-11-21,Transco-Z6 (NY),2.538
2026-11-22,Transco-Z6 (NY),2.538
2026-11-23,Transco-Z6 (NY),2.538
2026-11-24,Transco-Z6 (NY),2.538
2026-11-25,Transco-Z6 (NY),2.538
2026-11-26,Transco-Z6 (NY),2.538
2026-11-27,Transco-Z6 (NY),2.538
2026-11-28,Transco-Z6 (NY),2.538
2026-11-29,Transco-Z6 (NY),2.538
2026-11-30,Transco-Z6 (NY),2.538
2026-10-02,Trunkline-Z1A,2.605
2026-10-03,Trunkline-Z1A,2.5
2026-10-04,Trunkline-Z1A,2.5
2026-10-05,Trunkline-Z1A,2.5
2026-10-06,Trunkline-Z1A,2.6321
2026-10-07,Trunkline-Z1A,2.5395
2026-10-08,Trunkline-Z1A,2.5395
2026-10-09,Trunkline-Z1A,2.5395
2026-10-10,Trunkline-Z1A,2.5395
2026-10-11,Trunkline-Z1A,2.5395
2026-10-12,Trunkline-Z1A,2.5395
2026-10-13,Trunkline-Z1A,2.5395
2026-10-14,Trunkline-Z1A,2.5395
2026-10-15,Trunkline-Z1A,2.5395
2026-10-16,Trunkline-Z1A,2.5395
2026-10-17,Trunkline-Z1A,2.5395
2026-10-18,Trunkline-Z1A,2.5395
2026-10-19,Trunkline-Z1A,2.5395
2026-10-20,Trunkline-Z1A,2.5395
2026-10-21,Trunkline-Z1A,2.5395
2026-10-22,Trunkline-Z1A,2.5395
2026-10-23,Trunkline-Z1A,2.5395
2026-10-24,Trunkline-Z1A,2.5395
2026-10-25,Trunkline-Z1A,2.5395
2026-10-26,Trunkline-Z1A,2.5395
2026-10-27,Trunkline-Z1A,2.5395
2026-10-28,Trunkline-Z1A,2.5395
2026-10-29,Trunkline-Z1A,2.5395
2026-10-30,Trunkline-Z1A,2.5395
2026-10-31,Trunkline-Z1A,2.5395
2026-11-01,Trunkline-Z1A,2.8255
2026-11-02,Trunkline-Z1A,2.8255
2026-11-03,Trunkline-Z1A,2.8255
2026-11-04,Trunkline-Z1A,2.8255
2026-11-05,Trunkline-Z1A,2.8255
2026-11-06,Trunkline-Z1A,2.8255
2026-11-07,Trunkline-Z1A,2.8255
2026-11-08,Trunkline-Z1A,2.8255
2026-11-09,Trunkline-Z1A,2.8255
2026-11-10,Trunkline-Z1A,2.8255
2026-11-11,Trunkline-Z1A,2.8255
2026-11-12,Trunkline-Z1A,2.8255
2026-11-13,Trunkline-Z1A,2.8255
2026-11-14,Trunkline-Z1A,2.8255
2026-11-15,Trunkline-Z1A,2.8255
2026-11-16,Trunkline-Z1A,2.8255
2026-11-17,Trunkline-Z1A,2.8255
2026-11-18,Trunkline-Z1A,2.8255
2026-11-19,Trunkline-Z1A,2.8255
2026-11-20,Trunkline-Z1A,2.8255
2026-11-21,Trunkline-Z1A,2.8255
2026-11-22,Trunkline-Z1A,2.8255
2026-11-23,Trunkline-Z1A,2.8255
2026-11-24,Trunkline-Z1A,2.8255
2026-11-25,Trunkline-Z1A,2.8255
2026-11-26,Trunkline-Z1A,2.8255
2026-11-27,Trunkline-Z1A,2.8255
2026-11-28,Trunkline-Z1A,2.8255
2026-11-29,Trunkline-Z1A,2.8255
2026-11-30,Trunkline-Z1A,2.8255
2026-10-02,Waha,1.665
2026-10-03,Waha,1.545
2026-10-04,Waha,1.545
2026-10-05,Waha,1.545
2026-10-06,Waha,1.502
2026-10-07,Waha,1.6
2026-10-08,Waha,1.6
2026-10-09,Waha,1.6
2026-10-10,Waha,1.6
2026-10-11,Waha,1.6
2026-10-12,Waha,1.6
2026-10-13,Waha,1.6
2026-10-14,Waha,1.6
2026-10-15,Waha,1.6
2026-10-16,Waha,1.6
2026-10-17,Waha,1.6
2026-10-18,Waha,1.6
2026-10-19,Waha,1.6
2026-10-20,Waha,1.6
2026-10-21,Waha,1.6
2026-10-22,Waha,1.6
2026-10-23,Waha,1.6
2026-10-24,Waha,1.6
2026-10-25,Waha,1.6
2026-10-26,Waha,1.6
2026-10-27,Waha,1.6
2026-10-28,Waha,1.6
2026-10-29,Waha,1.6
2026-10-30,Waha,1.6
2026-10-31,Waha,1.6
2026-11-01,Waha,1.6035
2026-11-02,Waha,1.6035
2026-11-03,Waha,1.6035
2026-11-04,Waha,1.6035
2026-11-05,Waha,1.6035
2026-11-06,Waha,1.6035
2026-11-07,Waha,1.6035
2026-11-08,Waha,1.6035
2026-11-09,Waha,1.6035
2026-11-10,Waha,1.6035
2026-11-11,Waha,1.6035
2026-11-12,Waha,1.6035
2026-11-13,Waha,1.6035
2026-11-14,Waha,1.6035
2026-11-15,Waha,1.6035
2026-11-16,Waha,1.6035
2026-11-17,Waha,1.6035
2026-11-18,Waha,1.6035
2026-11-19,Waha,1.6035
2026-11-20,Waha,1.6035
2026-11-21,Waha,1.6035
2026-11-22,Waha,1.6035
2026-11-23,Waha,1.6035
2026-11-24,Waha,1.6035
2026-11-25,Waha,1.6035
2026-11-26,Waha,1.6035
2026-11-27,Waha,1.6035
2026-11-28,Waha,1.6035
2026-11-29,Waha,1.6035
2026-11-30,Waha,1.6035
